name,adress,lat,lng,tel,url,menu,price
茶屋町 まぐろや,大阪府 大阪市北区 芝田 1-15-7,34.7084332,135.4969484,06-6373-3676,https://tabelog.com/osaka/A2701/A270101/27017935/dtlmenu/drink/,1リットル スーパードライ,1000
串焼き&ワイン ウナチッタ,大阪府 大阪市北区 曾根崎2-10-19 河合ビル B1F,34.7006896,135.5008728,050-5869-3208,https://tabelog.com/osaka/A2701/A270101/27058323/dtlmenu/drink/,<ドイツビール>ホフブロイ・ミュンヘン ラガーStyle ALC 5.5%,950
ワインとオマール海老の店 UOMO,大阪府 大阪市北区 梅田 1-1-3 大阪駅前第3ビル  B1F,34.6988257,135.4992804,050-5872-6838,https://tabelog.com/osaka/A2701/A270101/27061208/dtlmenu/drink/,<瓶ビール>サッポロ 赤星 中瓶,550
北瑞苑,大阪府 大阪市北区 曽根崎新地 2-3-21 ａｘビル　３Ｆ,34.6979945,135.4945578,050-5868-3897,https://tabelog.com/osaka/A2701/A270101/27000742/dtlmenu/drink/,<生ビール>アサヒエクストラコールド,935
ワインとオマール海老の店 UOMO,大阪府 大阪市北区 梅田 1-1-3 大阪駅前第3ビル  B1F,34.6988257,135.4992804,050-5872-6838,https://tabelog.com/osaka/A2701/A270101/27061208/dtlmenu/drink/,<生ビール>ザ・プレミアム・モルツ 香るエール,550
THE COSMOPOLITAN GRILL BAR TERRACE,大阪府 大阪市北区 大深町 4-20 グランフロント大阪 南館 9F,34.7053491,135.4945979,050-5595-0903,https://tabelog.com/osaka/A2701/A270101/27072553/dtlmenu/drink/,■キリン一番搾り,900
THE COSMOPOLITAN GRILL BAR TERRACE,大阪府 大阪市北区 大深町 4-20 グランフロント大阪 南館 9F,34.7053491,135.4945979,050-5595-0903,https://tabelog.com/osaka/A2701/A270101/27072553/dtlmenu/drink/,■ギネススタウト,1050
THE COSMOPOLITAN GRILL BAR TERRACE,大阪府 大阪市北区 大深町 4-20 グランフロント大阪 南館 9F,34.7053491,135.4945979,050-5595-0903,https://tabelog.com/osaka/A2701/A270101/27072553/dtlmenu/drink/,■コロナ エキストラ,1000
THE COSMOPOLITAN GRILL BAR TERRACE,大阪府 大阪市北区 大深町 4-20 グランフロント大阪 南館 9F,34.7053491,135.4945979,050-5595-0903,https://tabelog.com/osaka/A2701/A270101/27072553/dtlmenu/drink/,■ハイネケン,1000
THE COSMOPOLITAN GRILL BAR TERRACE,大阪府 大阪市北区 大深町 4-20 グランフロント大阪 南館 9F,34.7053491,135.4945979,050-5595-0903,https://tabelog.com/osaka/A2701/A270101/27072553/dtlmenu/drink/,■バドワイザー,900
万両 東天満店,大阪府 大阪市北区 天満 2-7-25 塩見ビル　１Ｆ,34.6938193,135.5173239,06-6882-0221,https://tabelog.com/osaka/A2701/A270103/27003763/dtlmenu/drink/,★Heineken ハイネケンビール,550
インド料理 MAHARAJA,大阪府 大阪市北区 梅田 1-2-2-B1000 大阪駅前第2ビルB1,34.6989342,135.4979539,050-5869-5835,https://tabelog.com/osaka/A2701/A270101/27005099/dtlmenu/drink/,☆☆☆コロナ時代期間限定  1H飲み放題 790円☆☆☆,790
インド料理 MAHARAJA,大阪府 大阪市北区 梅田 1-2-2-B1000 大阪駅前第2ビルB1,34.6989342,135.4979539,050-5869-5835,https://tabelog.com/osaka/A2701/A270101/27005099/dtlmenu/drink/,☆☆☆コロナ時代期間限定  生ビールなど1杯99円 ☆☆☆,99
広東料理 民生 ヒルトンプラザウエスト店,大阪府 大阪市北区 梅田 2-2-2 ヒルトンプラザウエスト  B2F,34.6999702,135.4952544,050-5570-0315,https://tabelog.com/osaka/A2701/A270101/27006463/dtlmenu/drink/,《瓶ビール》アサヒ スーパードライ(中瓶/500ml),770
広東料理 民生 ヒルトンプラザウエスト店,大阪府 大阪市北区 梅田 2-2-2 ヒルトンプラザウエスト  B2F,34.6999702,135.4952544,050-5570-0315,https://tabelog.com/osaka/A2701/A270101/27006463/dtlmenu/drink/,《瓶ビール》アサヒ プレミアムビール “熟選”(中瓶/500ml),990
広東料理 民生 ヒルトンプラザウエスト店,大阪府 大阪市北区 梅田 2-2-2 ヒルトンプラザウエスト  B2F,34.6999702,135.4952544,050-5570-0315,https://tabelog.com/osaka/A2701/A270101/27006463/dtlmenu/drink/,《瓶ビール》青島ビール(小瓶/330ml),726
広東料理 民生 ヒルトンプラザウエスト店,大阪府 大阪市北区 梅田 2-2-2 ヒルトンプラザウエスト  B2F,34.6999702,135.4952544,050-5570-0315,https://tabelog.com/osaka/A2701/A270101/27006463/dtlmenu/drink/,《生ビール》アサヒ スーパードライ(中),748
広東料理 民生 ヒルトンプラザウエスト店,大阪府 大阪市北区 梅田 2-2-2 ヒルトンプラザウエスト  B2F,34.6999702,135.4952544,050-5570-0315,https://tabelog.com/osaka/A2701/A270101/27006463/dtlmenu/drink/,《生ビール》アサヒ スーパードライ(小),528
肉太郎 梅田第3ビル店,大阪府 大阪市北区 梅田 1-1-3 大阪駅前第3ビル  B1F,34.6988257,135.4992804,050-5589-2617,https://tabelog.com/osaka/A2701/A270101/27077885/dtlmenu/drink/,【樽生】アサヒスーパードライ(中),380
ケラケラ クランツ,大阪府 大阪市北区 小松原町 2-4 大阪富国生命ビル　B2F,34.70217,135.5000915,050-5868-2965,https://tabelog.com/osaka/A2701/A270101/27053066/dtlmenu/drink/,【樽生】ヒューガルデン・ホワイト,1000
本家 草鍋 えんや 天神橋店,大阪府 大阪市北区 天神橋 6-5-34,34.7089288,135.5117621,050-5872-7570,https://tabelog.com/osaka/A2701/A270103/27102320/dtlmenu/drink/,【瓶ビール】アサヒスーパードライ,500
本家 草鍋 えんや 天神橋店,大阪府 大阪市北区 天神橋 6-5-34,34.7089288,135.5117621,050-5872-7570,https://tabelog.com/osaka/A2701/A270103/27102320/dtlmenu/drink/,【瓶ビール】キリン,500
本家 草鍋 えんや 天神橋店,大阪府 大阪市北区 天神橋 6-5-34,34.7089288,135.5117621,050-5872-7570,https://tabelog.com/osaka/A2701/A270103/27102320/dtlmenu/drink/,【瓶ビール】サッポロ,500
本家 草鍋 えんや 天神橋店,大阪府 大阪市北区 天神橋 6-5-34,34.7089288,135.5117621,050-5872-7570,https://tabelog.com/osaka/A2701/A270103/27102320/dtlmenu/drink/,【生ビール】アサヒ ドライプレミアム,500
本家 草鍋 えんや 天神橋店,大阪府 大阪市北区 天神橋 6-5-34,34.7089288,135.5117621,050-5872-7570,https://tabelog.com/osaka/A2701/A270103/27102320/dtlmenu/drink/,アサヒ,400
梅田 鮨 個室 みや川,大阪府 大阪市北区 曾根崎2-8-7 コーストスタジョーネ 5F-B,34.6997226,135.5011282,050-5869-2782,https://tabelog.com/osaka/A2701/A270101/27119405/dtlmenu/drink/,アサヒ  熟選,800
飛鳥,大阪府 大阪市北区 西天満 3-8-18 西天満ビューハイツ　１Ｆ,34.6952314,135.5078305,06-6361-0137,https://tabelog.com/osaka/A2701/A270103/27005051/dtlmenu/drink/,アサヒ エクストラコールド生ビール(中),650
中國菜 心香,大阪府 大阪市北区 西天満 5-6-26,34.6989007,135.5082172,050-5592-8286,https://tabelog.com/osaka/A2701/A270103/27085334/dtlmenu/drink/,アサヒ スーパードライ,528
知留久 曽根崎本店,大阪府 大阪市北区 曽根崎 2-9-9,34.7002522,135.5009268,050-5596-7634,https://tabelog.com/osaka/A2701/A270101/27000479/dtlmenu/drink/,アサヒ スーパードライ,650
おもてなし茶屋　咲扇,大阪府 大阪市北区 曽根崎新地 1-1-9 谷安キャバリエーレビル,34.6978481,135.498431,06-6348-5557,https://tabelog.com/osaka/A2701/A270102/27042295/dtlmenu/drink/,アサヒ スーパードライ,600
TOLAH UMEDA,大阪府 大阪市北区 堂山町 7-22 ステージ中通りビル 4F,34.7035252,135.5024523,050-5570-8654,https://tabelog.com/osaka/A2701/A270101/27125282/dtlmenu/drink/,アサヒ スーパードライ,638
炭と地酒とたしなみワイン Kai本店 醸す,大阪府 大阪市北区 堂島浜 1-1-15 堂浜第2ビル B1F,34.6957247,135.4999131,050-5570-8252,https://tabelog.com/osaka/A2701/A270101/27042896/dtlmenu/drink/,アサヒ スーパードライ,750
epais,大阪府 大阪市北区 曽根崎新地 1-9-3 ニュー華ビル 3F,34.6982594,135.4988228,050-5890-4534,https://tabelog.com/osaka/A2701/A270101/27072441/dtlmenu/drink/,アサヒ スーパードライ,715
北新地 大和,大阪府 大阪市北区 堂島 1-1-20 パールプラザビル 3F,34.6963741,135.5000788,050-5868-3117,https://tabelog.com/osaka/A2701/A270101/27126698/dtlmenu/drink/,アサヒ スーパードライ,820
西梅田 禅園,大阪府 大阪市北区 梅田 2-5-25 ハービスプラザ  B2F,34.6984253,135.4926758,050-5590-0884,https://tabelog.com/osaka/A2701/A270101/27002685/dtlmenu/drink/,アサヒ スーパードライ,968
プロカンジャンケジャン 大阪店,大阪府 大阪市北区 曽根崎新地 1-5-24,34.6990236,135.5081067,050-5571-2678,https://tabelog.com/osaka/A2701/A270101/27065878/dtlmenu/drink/,アサヒ スーパードライ 500ml 中瓶,735
ゼックスウエスト ザ バー,大阪府 大阪市北区 梅田 2-2-22 ハービスPLAZA ENT  7F,34.6997829,135.4945698,050-5868-9945,https://tabelog.com/osaka/A2701/A270101/27003895/dtlmenu/drink/,アサヒ スーパードライ エクストラコールド,850
北新地 すがはら,大阪府 大阪市北区 堂島 1-4-2 ビールディング北新地　２Ｆ,34.696101,135.4982009,050-5868-7952,https://tabelog.com/osaka/A2701/A270101/27000219/dtlmenu/drink/,アサヒ スーパードライ 中瓶,730
炭と地酒とたしなみワイン Kai本店 醸す,大阪府 大阪市北区 堂島浜 1-1-15 堂浜第2ビル B1F,34.6957247,135.4999131,050-5570-8252,https://tabelog.com/osaka/A2701/A270101/27042896/dtlmenu/drink/,アサヒ スーパードライ 大瓶,990
人家,大阪府 大阪市北区 曽根崎新地 1-3-3 好陽ビル　Ｂ１Ｆ,34.6973226,135.4969674,050-5590-9679,https://tabelog.com/osaka/A2701/A270101/27000741/dtlmenu/drink/,アサヒ スーパードライ 小,880
クンテープ ルクア大阪店,大阪府 大阪市北区 梅田 3-1-3 ルクア大阪 B2F,34.7029403,135.4955499,050-5457-8789,https://tabelog.com/osaka/A2701/A270101/27101630/dtlmenu/drink/,アサヒ スーパードライ 生,583
ひもの野郎 梅田第4ビル本店,大阪府 大阪市北区 梅田 1-11-4 大阪駅前第4ビル  B2-71号72号,34.699839,135.498794,090-2196-5186,https://tabelog.com/osaka/A2701/A270101/27062999/dtlmenu/drink/,アサヒ スーパードライ(中瓶),500
北新地 湯木 新店,大阪府 大阪市北区 堂島 1-5-39 マルタビル 1F,34.6961415,135.4969674,050-5869-6949,https://tabelog.com/osaka/A2701/A270101/27073634/dtlmenu/drink/,アサヒ スーパードライ(小びん),770
鯛之鯛 梅田店,大阪府 大阪市北区 堂山町 1-2 R&Eビル B1F,34.7025117,135.5047002,050-5590-9175,https://tabelog.com/osaka/A2701/A270101/27091917/dtlmenu/drink/,アサヒ スーパードライ(瓶),659
雅しゅとうとう,大阪府 大阪市北区 堂島 1-5-2 フェザービル 1F,34.696056,135.4968569,06-6348-0141,https://tabelog.com/osaka/A2701/A270101/27012489/dtlmenu/drink/,アサヒ スーパードライ(瓶),1210
イタリア食堂 タベルナエントラータ 堂島店,大阪府 大阪市北区 堂島 2-1-27 桜橋千代田ビル1F,34.6962838,135.4942657,050-5869-6888,https://tabelog.com/osaka/A2701/A270101/27050029/dtlmenu/drink/,アサヒ スーパードライ(生),550
イタリア酒場 エントラータ 茶屋町店,大阪府 大阪市北区 芝田 1-7-2 阪急かっぱ横丁  1F,34.7071744,135.4980634,050-5890-6738,https://tabelog.com/osaka/A2701/A270101/27058694/dtlmenu/drink/,アサヒ スーパードライ(生),550
ザ・パーティー,大阪府 大阪市北区 堂島 1-2-15 浜村サンプラザビル  1Ｆ,34.696485,135.4987716,050-5589-8362,https://tabelog.com/osaka/A2701/A270101/27059776/dtlmenu/drink/,アサヒ スーパードライ生,700
神戸元町別館 牡丹園 大阪梅田エスト店,大阪府 大阪市北区 角田町 3-25 エストエッジビル　４Ｆ,34.7046134,135.5003413,050-5890-6689,https://tabelog.com/osaka/A2701/A270101/27010355/dtlmenu/drink/,アサヒ ドライブラック(小瓶),660
御料理 堀川,大阪府 大阪市北区 天満 4-8-17  グレイスイン天満2番館 1F,34.6937135,135.5142022,06-7173-9388,https://tabelog.com/osaka/A2701/A270103/27082677/dtlmenu/drink/,アサヒ ドライプレミアム(中瓶),800
中菜バル 堂島,大阪府 大阪市北区 曽根崎新地 2-4-7 酒井ビル 1F,34.6972386,135.4937642,050-5457-6218,https://tabelog.com/osaka/A2701/A270101/27119385/dtlmenu/drink/,アサヒ 大瓶,880
炭と地酒とたしなみワイン Kai本店 醸す,大阪府 大阪市北区 堂島浜 1-1-15 堂浜第2ビル B1F,34.6957247,135.4999131,050-5570-8252,https://tabelog.com/osaka/A2701/A270101/27042896/dtlmenu/drink/,アサヒ 熟撰 305ml瓶,990
御料理 うえの,大阪府 大阪市北区 曽根崎新地 1-9-12 3F,34.6982594,135.4988228,050-5456-8960,https://tabelog.com/osaka/A2701/A270101/27095129/dtlmenu/drink/,アサヒ 熟撰 生,700
馳走や純平,大阪府 大阪市北区 曽根崎新地 1-5-25 ジェイ・プライド梅田永楽ビル 5F,34.6978875,135.497667,06-6341-5228,https://tabelog.com/osaka/A2701/A270101/27014760/dtlmenu/drink/,アサヒ 黒 ハーフ&ハーフ,800
ザ ロビーラウンジ,大阪府 大阪市北区 梅田 2-5-25 ザ・リッツ・カールトン大阪  1F,34.69834,135.4925207,06-6343-7020,https://tabelog.com/osaka/A2701/A270101/27000698/dtlmenu/drink/,アサヒ/キリン/サッポロ,1500
ビルボードライブ大阪,大阪府 大阪市北区 梅田 2-2-22 ハービスPLAZA ENT  B2F,34.6997829,135.4945698,06-6342-7722,https://tabelog.com/osaka/A2701/A270101/27012838/dtlmenu/drink/,アサヒスタウト(瓶),950
立ち飲み じんべえ,大阪府 大阪市北区 曾根崎2-14-7 グランデ曽根崎ビル 1F,34.7009651,135.501073,050-5589-6682,https://tabelog.com/osaka/A2701/A270101/27087097/dtlmenu/drink/,アサヒスーパードライ,429
シンガポール・シーフード・リパブリック 大丸梅田,大阪府 大阪市北区 梅田 3-1-1 大丸梅田店  14F,34.701789,135.4965763,050-5571-1403,https://tabelog.com/osaka/A2701/A270101/27055314/dtlmenu/drink/,アサヒスーパードライ,680
鰻萬 阪急うめだ本店,大阪府 大阪市北区 角田町 8-7 阪急うめだ本店  12F,34.7028186,135.4985323,050-5590-3637,https://tabelog.com/osaka/A2701/A270101/27068788/dtlmenu/drink/,アサヒスーパードライ,660
どんたく,大阪府 大阪市北区 梅田 1-2-2 大阪駅前第2ビル  B2F,34.6989342,135.4979539,050-5872-8806,https://tabelog.com/osaka/A2701/A270101/27000696/dtlmenu/drink/,アサヒスーパードライ,470
ウルフギャング・ステーキハウス 大阪店,大阪府 大阪市北区 梅田 3-1-3 ルクア イーレ 10Ｆ,34.7028866,135.4953236,050-5571-6855,https://tabelog.com/osaka/A2701/A270101/27084039/dtlmenu/drink/,アサヒスーパードライ,1100
北新地 黒猫,大阪府 大阪市北区 曽根崎新地 1-9-11  エスパス北新地10 B1F　,34.6982594,135.4988228,050-5595-1720,https://tabelog.com/osaka/A2701/A270101/27102792/dtlmenu/drink/,アサヒスーパードライ,770
鶏割烹 ならや,大阪府 大阪市北区 曽根崎新地 1-7-8 新日本新地ビル本館 3F,34.6970511,135.5001156,050-5596-4987,https://tabelog.com/osaka/A2701/A270101/27107513/dtlmenu/drink/,アサヒスーパードライ,780
ゼックスウエスト サルヴァトーレ クオモブロス,大阪府 大阪市北区 梅田 2-2-22 ハービスPLAZA ENT  7F,34.6997829,135.4945698,050-5868-1918,https://tabelog.com/osaka/A2701/A270101/27003244/dtlmenu/drink/,アサヒスーパードライ,750
Maison B,大阪府 大阪市北区 曽根崎新地 1-1-43 竹葉亭ビル 1F・2F,34.6755843,135.4976825,050-5456-5693,https://tabelog.com/osaka/A2701/A270101/27114365/dtlmenu/drink/,アサヒスーパードライ,700
梅田 ワーフ,大阪府 大阪市北区 茶屋町 1-45 OIT梅田タワー 1F ,34.7054608,135.5002125,06-6292-8889,https://tabelog.com/osaka/A2701/A270101/27095261/dtlmenu/drink/,アサヒスーパードライ,748
おもてなし茶屋　咲扇,大阪府 大阪市北区 曽根崎新地 1-1-9 谷安キャバリエーレビル,34.6978481,135.498431,06-6348-5557,https://tabelog.com/osaka/A2701/A270102/27042295/dtlmenu/drink/,アサヒスーパードライ,600
RAKUSUI,大阪府 大阪市北区 曽根崎新地 1-9-8 ゴアビル　１Ｆ,34.6982594,135.4988228,050-5869-5380,https://tabelog.com/osaka/A2701/A270101/27007724/dtlmenu/drink/,アサヒスーパードライ,650
ロウリーズ・ザ・プライムリブ 大阪,大阪府 大阪市北区 梅田 2-2-22 ハービスPLAZA ENT  5F,34.6997829,135.4945698,050-5593-4617,https://tabelog.com/osaka/A2701/A270101/27018310/dtlmenu/drink/,アサヒスーパードライ,850
神戸元町別館 牡丹園 大阪梅田エスト店,大阪府 大阪市北区 角田町 3-25 エストエッジビル　４Ｆ,34.7046134,135.5003413,050-5890-6689,https://tabelog.com/osaka/A2701/A270101/27010355/dtlmenu/drink/,アサヒスーパードライ (中瓶),880
中国料理 燦宮,大阪府 大阪市北区 大淀中 1-1-88 梅田スカイビル 39F,34.7052872,135.4896527,050-5597-5453,https://tabelog.com/osaka/A2701/A270101/27000691/dtlmenu/drink/,アサヒスーパードライ 330ml,850
北瑞苑,大阪府 大阪市北区 曽根崎新地 2-3-21 ａｘビル　３Ｆ,34.6979945,135.4945578,050-5868-3897,https://tabelog.com/osaka/A2701/A270101/27000742/dtlmenu/drink/,アサヒスーパードライ キリンラガー  サッポロ黒ラベル,990
宮崎料理 万作 グランフロント大阪店,大阪府 大阪市北区 大深町 4-20 グランフロント大阪  南館7Ｆ,34.7053491,135.4945979,050-5868-3016,https://tabelog.com/osaka/A2701/A270101/27072190/dtlmenu/drink/,アサヒスーパードライ ジョッキ,605
ビルボードライブ大阪,大阪府 大阪市北区 梅田 2-2-22 ハービスPLAZA ENT  B2F,34.6997829,135.4945698,06-6342-7722,https://tabelog.com/osaka/A2701/A270101/27012838/dtlmenu/drink/,アサヒスーパードライ ドライブラック(生),970
宮崎料理 万作 グランフロント大阪店,大阪府 大阪市北区 大深町 4-20 グランフロント大阪  南館7Ｆ,34.7053491,135.4945979,050-5868-3016,https://tabelog.com/osaka/A2701/A270101/27072190/dtlmenu/drink/,アサヒスーパードライ 中瓶,605
中国料理 燦宮,大阪府 大阪市北区 大淀中 1-1-88 梅田スカイビル 39F,34.7052872,135.4896527,050-5597-5453,https://tabelog.com/osaka/A2701/A270101/27000691/dtlmenu/drink/,アサヒスーパードライ 中瓶,1050
焼肉冷麺 ユッチャン 北新地店,大阪府 大阪市北区 曽根崎新地 1-3-9 GOTS北新地ビル 1F,34.697513,135.4962862,050-5872-2771,https://tabelog.com/osaka/A2701/A270101/27120854/dtlmenu/drink/,アサヒスーパードライ 小瓶,770
中国料理 燦宮,大阪府 大阪市北区 大淀中 1-1-88 梅田スカイビル 39F,34.7052872,135.4896527,050-5597-5453,https://tabelog.com/osaka/A2701/A270101/27000691/dtlmenu/drink/,アサヒスーパードライ 小瓶,800
ご馳走 ね音,大阪府 大阪市北区 天神橋 5-3-22 安田ビル 2F,34.7077688,135.5121856,050-5597-8331,https://tabelog.com/osaka/A2701/A270103/27096416/dtlmenu/drink/,アサヒスーパードライ 生ビール,550
フーロン,大阪府 大阪市北区 曽根崎新地 1-2-4 谷安セストビル　2F　,34.6970035,135.4983297,050-5890-0491,https://tabelog.com/osaka/A2701/A270101/27043596/dtlmenu/drink/,アサヒスーパードライ 生ビール,600
天ぷら 市,大阪府 大阪市北区 天神橋 3-7-26,34.7010883,135.5113446,050-5457-1940,https://tabelog.com/osaka/A2701/A270103/27096666/dtlmenu/drink/,アサヒスーパードライ(グラスビール),450
肉太郎 梅田第3ビル店,大阪府 大阪市北区 梅田 1-1-3 大阪駅前第3ビル  B1F,34.6988257,135.4992804,050-5589-2617,https://tabelog.com/osaka/A2701/A270101/27077885/dtlmenu/drink/,アサヒスーパードライ(メガジョッキ),890
ノワ・ド・ココ,大阪府 大阪市北区 本庄東 2-5-32,34.7125427,135.5087052,050-5457-5704,https://tabelog.com/osaka/A2701/A270103/27003514/dtlmenu/drink/,アサヒスーパードライ(中),430
天ぷら 市,大阪府 大阪市北区 天神橋 3-7-26,34.7010883,135.5113446,050-5457-1940,https://tabelog.com/osaka/A2701/A270103/27096666/dtlmenu/drink/,アサヒスーパードライ(中ジョッキ),600
ノワ・ド・ココ,大阪府 大阪市北区 本庄東 2-5-32,34.7125427,135.5087052,050-5457-5704,https://tabelog.com/osaka/A2701/A270103/27003514/dtlmenu/drink/,アサヒスーパードライ(中ビン),480
浪速割烹 昇,大阪府 大阪市北区 大淀南 1-3-12,34.7038392,135.4903127,050-5589-8941,https://tabelog.com/osaka/A2701/A270101/27095612/dtlmenu/drink/,アサヒスーパードライ(中瓶),900
割鮮 吉在門 東通り店,大阪府 大阪市北区 小松原町 1-16 モコビル　Ｂ１Ｆ,34.7025203,135.5010177,050-5456-6662,https://tabelog.com/osaka/A2701/A270101/27001918/dtlmenu/drink/,アサヒスーパードライ(中瓶),627
天ぷら 市,大阪府 大阪市北区 天神橋 3-7-26,34.7010883,135.5113446,050-5457-1940,https://tabelog.com/osaka/A2701/A270103/27096666/dtlmenu/drink/,アサヒスーパードライ(中瓶),650
鉄板焼　季流,大阪府 大阪市北区 梅田 3-1-1 ホテルグランヴィア大阪  19F,34.701726,135.4963754,050-5590-9124,https://tabelog.com/osaka/A2701/A270101/27008704/dtlmenu/drink/,アサヒスーパードライ(小瓶),950
北新地 名門,大阪府 大阪市北区 曾根崎新地1-4-25 新地MDビル 2F・3F,34.6978827,135.4965992,050-5597-5550,https://tabelog.com/osaka/A2701/A270101/27111765/dtlmenu/drink/,アサヒスーパードライ(小瓶),990
割鮮 吉在門 東通り店,大阪府 大阪市北区 小松原町 1-16 モコビル　Ｂ１Ｆ,34.7025203,135.5010177,050-5456-6662,https://tabelog.com/osaka/A2701/A270101/27001918/dtlmenu/drink/,アサヒスーパードライ(樽生:中),605
割鮮 吉在門 東通り店,大阪府 大阪市北区 小松原町 1-16 モコビル　Ｂ１Ｆ,34.7025203,135.5010177,050-5456-6662,https://tabelog.com/osaka/A2701/A270101/27001918/dtlmenu/drink/,アサヒスーパードライ(樽生:小),462
街の肉バルBuff 南森町店,大阪府 大阪市北区 天神橋 3-2-19 ドエル南森町 1F,34.6998189,135.5111035,06-6881-5529,https://tabelog.com/osaka/A2701/A270103/27068969/dtlmenu/drink/,アサヒスーパードライ(瓶),418
ビルボードライブ大阪,大阪府 大阪市北区 梅田 2-2-22 ハービスPLAZA ENT  B2F,34.6997829,135.4945698,06-6342-7722,https://tabelog.com/osaka/A2701/A270101/27012838/dtlmenu/drink/,アサヒスーパードライ(生),970
TRATTORIA AL POMPIERE,大阪府 大阪市北区 角田町 8-7 阪急うめだ本店  13F,34.7028186,135.4985323,050-3201-3869,https://tabelog.com/osaka/A2701/A270101/27068655/dtlmenu/drink/,アサヒスーパードライ(生),680
浪花ろばた 頂鯛 北新地店,大阪府 大阪市北区 曽根崎新地 1-6-21 栄和ビル 1F,34.6976865,135.4985139,050-5570-8280,https://tabelog.com/osaka/A2701/A270101/27072428/dtlmenu/drink/,アサヒスーパードライ(生),770
老虎菜 阪神梅田店,大阪府 大阪市北区 梅田 1-13-13 阪神百貨店 9F,34.7010083,135.4977374,050-5570-8759,https://tabelog.com/osaka/A2701/A270101/27124951/dtlmenu/drink/,アサヒスーパードライ(生中),680
老虎菜 阪神梅田店,大阪府 大阪市北区 梅田 1-13-13 阪神百貨店 9F,34.7010083,135.4977374,050-5570-8759,https://tabelog.com/osaka/A2701/A270101/27124951/dtlmenu/drink/,アサヒスーパードライ(生小),570
うたげどころ うぉっしゅ,大阪府 大阪市北区 曾根崎新地2-3-13 若杉大阪駅前ビル B1F,34.697794,135.4938986,050-5590-0931,https://tabelog.com/osaka/A2701/A270101/27088669/dtlmenu/drink/,アサヒスーパードライ/生中,480
うたげどころ うぉっしゅ,大阪府 大阪市北区 曾根崎新地2-3-13 若杉大阪駅前ビル B1F,34.697794,135.4938986,050-5590-0931,https://tabelog.com/osaka/A2701/A270101/27088669/dtlmenu/drink/,アサヒスーパードライ/生小,380
立ち飲み じんべえ,大阪府 大阪市北区 曾根崎2-14-7 グランデ曽根崎ビル 1F,34.7009651,135.501073,050-5589-6682,https://tabelog.com/osaka/A2701/A270101/27087097/dtlmenu/drink/,アサヒスーパードライ大瓶,759
カラーズ,大阪府 大阪市北区 曽根崎新地 1-6-7,34.6982594,135.4988228,050-5872-8670,https://tabelog.com/osaka/A2701/A270101/27050227/dtlmenu/drink/,アサヒスーパードライ樽生,770
ラ・バルカッチャ,大阪府 大阪市北区 豊崎 3-5-17 1階,34.7111563,135.4994474,06-6373-8181,https://tabelog.com/osaka/A2701/A270101/27054558/dtlmenu/drink/,アサヒスーパードライ瓶ビール(334ml),650
焼肉たまき,大阪府 大阪市北区 黒崎町 3-22,34.7073176,135.5077292,050-5592-1900,https://tabelog.com/osaka/A2701/A270101/27092684/dtlmenu/drink/,アサヒスーパードライ生,450
寿司処多もん,大阪府 大阪市北区 天神橋 5-6-2,34.706567,135.5117252,06-4800-2480,https://tabelog.com/osaka/A2701/A270103/27076312/dtlmenu/drink/,アサヒスーパードライ生ビール,500
いしもん 本店,大阪府 大阪市北区 梅田 1-3 大阪駅前第一ビル B2F,34.6988863,135.4964525,050-5456-9736,https://tabelog.com/osaka/A2701/A270101/27071970/dtlmenu/drink/,アサヒスーパードライ生中,385
神戸元町別館 牡丹園 大阪梅田エスト店,大阪府 大阪市北区 角田町 3-25 エストエッジビル　４Ｆ,34.7046134,135.5003413,050-5890-6689,https://tabelog.com/osaka/A2701/A270101/27010355/dtlmenu/drink/,アサヒスｰパｰドライ(樽生)生ビール (一口生ビール),418
神戸元町別館 牡丹園 大阪梅田エスト店,大阪府 大阪市北区 角田町 3-25 エストエッジビル　４Ｆ,34.7046134,135.5003413,050-5890-6689,https://tabelog.com/osaka/A2701/A270101/27010355/dtlmenu/drink/,アサヒスｰパｰドライ(樽生)生ビール (中),880
神戸元町別館 牡丹園 大阪梅田エスト店,大阪府 大阪市北区 角田町 3-25 エストエッジビル　４Ｆ,34.7046134,135.5003413,050-5890-6689,https://tabelog.com/osaka/A2701/A270101/27010355/dtlmenu/drink/,アサヒスｰパｰドライ(樽生)生ビール (小),495
立ち飲み じんべえ,大阪府 大阪市北区 曾根崎2-14-7 グランデ曽根崎ビル 1F,34.7009651,135.501073,050-5589-6682,https://tabelog.com/osaka/A2701/A270101/27087097/dtlmenu/drink/,アサヒドライブラック,429
チーズと生はちみつ BeNe NU chayamachi,大阪府 大阪市北区 茶屋町 10-12 NU茶屋町  9F,34.7069626,135.4990769,050-5456-4751,https://tabelog.com/osaka/A2701/A270101/27066417/dtlmenu/drink/,アサヒビール,638
タイーヤータイ,大阪府 大阪市北区 曽根崎 1-6-23,34.6990444,135.5040409,06-6232-8733,https://tabelog.com/osaka/A2701/A270101/27074206/dtlmenu/drink/,アサヒビール瓶,600
割鮮 吉在門 東通り店,大阪府 大阪市北区 小松原町 1-16 モコビル　Ｂ１Ｆ,34.7025203,135.5010177,050-5456-6662,https://tabelog.com/osaka/A2701/A270101/27001918/dtlmenu/drink/,アサヒプレミアムビール 熟撰(中瓶),660
ノガラッツァ,大阪府 大阪市北区 中之島 3-3-23 中之島ダイビル  2F,34.6931156,135.4935985,06-6225-2950,https://tabelog.com/osaka/A2701/A270102/27014598/dtlmenu/drink/,アサヒプレミアム生ビール熟撰(グラス),800
はまじま,大阪府 大阪市北区 堂島浜 1-1-8,34.6952097,135.500063,050-5890-1236,https://tabelog.com/osaka/A2701/A270102/27004668/dtlmenu/drink/,アサヒ・スーパードライ (中瓶),770
蛸之徹 角田店,大阪府 大阪市北区 角田町 1-10 くろふねビル　１Ｆ,34.7043079,135.5011282,050-5869-8099,https://tabelog.com/osaka/A2701/A270101/27000283/dtlmenu/drink/,アサヒ中瓶ビール,610
蛸之徹 マルビル店,大阪府 大阪市北区 梅田 1-9-20 大阪マルビル  B2F,34.6997768,135.4969056,050-5872-3847,https://tabelog.com/osaka/A2701/A270101/27003686/dtlmenu/drink/,アサヒ中瓶ビール,610
キュイジーヌ・MA,大阪府 大阪市北区 堂島 1-3-8 堂島リンデンビル  1Ｆ,34.6964857,135.4979799,06-6345-2206,https://tabelog.com/osaka/A2701/A270101/27011707/dtlmenu/drink/,アサヒ熟撰 小瓶,600
鉄板焼　季流,大阪府 大阪市北区 梅田 3-1-1 ホテルグランヴィア大阪  19F,34.701726,135.4963754,050-5590-9124,https://tabelog.com/osaka/A2701/A270101/27008704/dtlmenu/drink/,アサヒ熟撰(生)プレミアムビール,1200
北新地 名門,大阪府 大阪市北区 曾根崎新地1-4-25 新地MDビル 2F・3F,34.6978827,135.4965992,050-5597-5550,https://tabelog.com/osaka/A2701/A270101/27111765/dtlmenu/drink/,アサヒ熟撰(生ビール),1100
40スカイバー＆ラウンジ,大阪府 大阪市北区 中之島 3-2-4 中之島フェスティバルタワー・ウェスト コンラッド大阪 40F,34.6935357,135.4957224,06-6222-0111,https://tabelog.com/osaka/A2701/A270102/27097670/dtlmenu/drink/,アサヒ生,2100
石挽き十割蕎麦 玄盛 北新地本店,大阪府 大阪市北区 曽根崎新地 1-10-6 北新地シリウスビル 1～4F,34.6982594,135.4988228,050-5595-6682,https://tabelog.com/osaka/A2701/A270101/27104902/dtlmenu/drink/,アサヒ生ビール,550
あなごや 炭火 ざく,大阪府 大阪市北区 西天満 4-15-1,34.6975637,135.5015701,050-5594-9558,https://tabelog.com/osaka/A2701/A270102/27089844/dtlmenu/drink/,アサヒ生ビール,550
しまなみふれんち Murakami,大阪府 大阪市北区 天神橋 1-13-15 大阪グリーン会館 102,34.6945848,135.5122193,050-5456-1294,https://tabelog.com/osaka/A2701/A270103/27100646/dtlmenu/drink/,アサヒ生ビール マルエフ,770
グリル異人館 大阪駅前第3ビル店,大阪府 大阪市北区 梅田 1-1-3 大阪駅前第3ビル  B1F 100,34.6988257,135.4992804,06-6455-5033,https://tabelog.com/osaka/A2701/A270101/27085473/dtlmenu/drink/,アサヒ生ビール マルエフ黒生 【中】￥549(税込),499
蛸之徹 マルビル店,大阪府 大阪市北区 梅田 1-9-20 大阪マルビル  B2F,34.6997768,135.4969056,050-5872-3847,https://tabelog.com/osaka/A2701/A270101/27003686/dtlmenu/drink/,アサヒ生ビール(中),540
蛸之徹 角田店,大阪府 大阪市北区 角田町 1-10 くろふねビル　１Ｆ,34.7043079,135.5011282,050-5869-8099,https://tabelog.com/osaka/A2701/A270101/27000283/dtlmenu/drink/,アサヒ生ビール(中),540
蛸之徹 角田店,大阪府 大阪市北区 角田町 1-10 くろふねビル　１Ｆ,34.7043079,135.5011282,050-5869-8099,https://tabelog.com/osaka/A2701/A270101/27000283/dtlmenu/drink/,アサヒ生ビール(大),720
蛸之徹 マルビル店,大阪府 大阪市北区 梅田 1-9-20 大阪マルビル  B2F,34.6997768,135.4969056,050-5872-3847,https://tabelog.com/osaka/A2701/A270101/27003686/dtlmenu/drink/,アサヒ生ビール(大),720
蛸之徹 角田店,大阪府 大阪市北区 角田町 1-10 くろふねビル　１Ｆ,34.7043079,135.5011282,050-5869-8099,https://tabelog.com/osaka/A2701/A270101/27000283/dtlmenu/drink/,アサヒ生ビール(小),420
蛸之徹 マルビル店,大阪府 大阪市北区 梅田 1-9-20 大阪マルビル  B2F,34.6997768,135.4969056,050-5872-3847,https://tabelog.com/osaka/A2701/A270101/27003686/dtlmenu/drink/,アサヒ生ビール(小),420
グリル異人館 大阪駅前第3ビル店,大阪府 大阪市北区 梅田 1-1-3 大阪駅前第3ビル  B1F 100,34.6988257,135.4992804,06-6455-5033,https://tabelog.com/osaka/A2701/A270101/27085473/dtlmenu/drink/,アサヒ生ビールマルエフ 【中】￥549(税込),499
串焼き 焼とんyaたゆたゆ お初天神店,大阪府 大阪市北区 曽根崎 2-10-7 1F,34.7009597,135.5007968,050-5571-6865,https://tabelog.com/osaka/A2701/A270101/27084212/dtlmenu/drink/,アサヒ青生ビール,605
焼とんya たゆたゆ 天満,大阪府 大阪市北区 天神橋 5-1-15 上田ビル,34.7067172,135.5120613,050-5590-6537,https://tabelog.com/osaka/A2701/A270103/27090831/dtlmenu/drink/,アサヒ青生ビール,520
蛸之徹 角田店,大阪府 大阪市北区 角田町 1-10 くろふねビル　１Ｆ,34.7043079,135.5011282,050-5869-8099,https://tabelog.com/osaka/A2701/A270101/27000283/dtlmenu/drink/,アサヒ黒瓶ビール小,450
蛸之徹 マルビル店,大阪府 大阪市北区 梅田 1-9-20 大阪マルビル  B2F,34.6997768,135.4969056,050-5872-3847,https://tabelog.com/osaka/A2701/A270101/27003686/dtlmenu/drink/,アサヒ黒瓶ビール小,450
おもてなし茶屋　咲扇,大阪府 大阪市北区 曽根崎新地 1-1-9 谷安キャバリエーレビル,34.6978481,135.498431,06-6348-5557,https://tabelog.com/osaka/A2701/A270102/27042295/dtlmenu/drink/,アサヒ黒生,600
焼とんya たゆたゆ 天満,大阪府 大阪市北区 天神橋 5-1-15 上田ビル,34.7067172,135.5120613,050-5590-6537,https://tabelog.com/osaka/A2701/A270103/27090831/dtlmenu/drink/,アサヒ黒生ビール,520
大幸庵 玄,大阪府 大阪市北区 堂島 1-2-2 堂栄ビル　１Ｆ,34.6962122,135.4995908,06-6344-5655,https://tabelog.com/osaka/A2701/A270101/27018661/dtlmenu/drink/,エビス,650
鶏割烹 ならや,大阪府 大阪市北区 曽根崎新地 1-7-8 新日本新地ビル本館 3F,34.6970511,135.5001156,050-5596-4987,https://tabelog.com/osaka/A2701/A270101/27107513/dtlmenu/drink/,エビス,880
あなごと日本酒 なかむら,大阪府 大阪市北区 天神橋 3-3-14,34.7005326,135.511293,050-5593-2951,https://tabelog.com/osaka/A2701/A270103/27095642/dtlmenu/drink/,エビス,550
ウルフギャング・ステーキハウス 大阪店,大阪府 大阪市北区 梅田 3-1-3 ルクア イーレ 10Ｆ,34.7028866,135.4953236,050-5571-6855,https://tabelog.com/osaka/A2701/A270101/27084039/dtlmenu/drink/,エビス,1100
雅しゅとうとう,大阪府 大阪市北区 堂島 1-5-2 フェザービル 1F,34.696056,135.4968569,06-6348-0141,https://tabelog.com/osaka/A2701/A270101/27012489/dtlmenu/drink/,エビス エビスビール(瓶),1320
黒毛和牛肉匠 いちえ 本邸,大阪府 大阪市北区 曽根崎新地 1-9-9 谷安ロワビル 1F,34.6977557,135.4989097,050-5868-8018,https://tabelog.com/osaka/A2701/A270101/27044096/dtlmenu/drink/,エビス 中瓶,858
焼肉冷麺 ユッチャン 北新地店,大阪府 大阪市北区 曽根崎新地 1-3-9 GOTS北新地ビル 1F,34.697513,135.4962862,050-5872-2771,https://tabelog.com/osaka/A2701/A270101/27120854/dtlmenu/drink/,エビス 小瓶,770
カッシーワ お初天神店,大阪府 大阪市北区 曽根崎 2-10-20 河合ビル 1Ｆ,34.7007326,135.5009073,050-5571-5173,https://tabelog.com/osaka/A2701/A270101/27083509/dtlmenu/drink/,エビス(生ビール),650
ビストロケ ヤマネ,大阪府 大阪市北区 堂島 1-3-16 堂島メリーセンタービル 1F,34.6966074,135.4972251,080-9167-0326,https://tabelog.com/osaka/A2701/A270101/27095344/dtlmenu/drink/,エビスビール,600
どんたく,大阪府 大阪市北区 梅田 1-2-2 大阪駅前第2ビル  B2F,34.6989342,135.4979539,050-5872-8806,https://tabelog.com/osaka/A2701/A270101/27000696/dtlmenu/drink/,エビスビール,480
瓦そば すずめ,大阪府 大阪市北区 太融寺町 1-9,34.7015459,135.505225,050-5457-4037,https://tabelog.com/osaka/A2701/A270101/27071287/dtlmenu/drink/,エビス樽生(中),560
nitro,大阪府 大阪市北区 曽根崎 1-6-10,34.6993912,135.5036545,050-5589-1088,https://tabelog.com/osaka/A2701/A270101/27107373/dtlmenu/drink/,エビス琥珀,770
はな柳,大阪府 大阪市北区 堂島 1-3-4 谷安ビル  1F,34.6963789,135.4982009,050-5593-1470,https://tabelog.com/osaka/A2701/A270101/27082454/dtlmenu/drink/,エビス瓶ビール 中,880
瓦そば すずめ,大阪府 大阪市北区 太融寺町 1-9,34.7015459,135.505225,050-5457-4037,https://tabelog.com/osaka/A2701/A270101/27071287/dtlmenu/drink/,エビス瓶ビール(中),510
ろっこん,大阪府 大阪市北区 曽根崎新地 1-1-15,34.6939689,135.5059383,050-5869-7586,https://tabelog.com/osaka/A2701/A270101/27052272/dtlmenu/drink/,エビス生ビール,770
知留久 曽根崎本店,大阪府 大阪市北区 曽根崎 2-9-9,34.7002522,135.5009268,050-5596-7634,https://tabelog.com/osaka/A2701/A270101/27000479/dtlmenu/drink/,キリン クラシックラガー,650
epais,大阪府 大阪市北区 曽根崎新地 1-9-3 ニュー華ビル 3F,34.6982594,135.4988228,050-5890-4534,https://tabelog.com/osaka/A2701/A270101/27072441/dtlmenu/drink/,キリン クラシックラガー,715
西梅田 禅園,大阪府 大阪市北区 梅田 2-5-25 ハービスプラザ  B2F,34.6984253,135.4926758,050-5590-0884,https://tabelog.com/osaka/A2701/A270101/27002685/dtlmenu/drink/,キリン クラシックラガー,968
万両 東天満店,大阪府 大阪市北区 天満 2-7-25 塩見ビル　１Ｆ,34.6938193,135.5173239,06-6882-0221,https://tabelog.com/osaka/A2701/A270103/27003763/dtlmenu/drink/,キリン クラシックラガー びんビール(中瓶),550
黒毛和牛肉匠 いちえ 本邸,大阪府 大阪市北区 曽根崎新地 1-9-9 谷安ロワビル 1F,34.6977557,135.4989097,050-5868-8018,https://tabelog.com/osaka/A2701/A270101/27044096/dtlmenu/drink/,キリン クラシックラガー 中瓶,880
人家,大阪府 大阪市北区 曽根崎新地 1-3-3 好陽ビル　Ｂ１Ｆ,34.6973226,135.4969674,050-5590-9679,https://tabelog.com/osaka/A2701/A270101/27000741/dtlmenu/drink/,キリン クラシックラガー 小,880
龍福小籠堂 NU茶屋町店,大阪府 大阪市北区 茶屋町 10-12 NU茶屋町  8F,34.7069626,135.4990769,050-5595-9734,https://tabelog.com/osaka/A2701/A270101/27045802/dtlmenu/drink/,キリン ハートランド,530
浪速割烹 昇,大阪府 大阪市北区 大淀南 1-3-12,34.7038392,135.4903127,050-5589-8941,https://tabelog.com/osaka/A2701/A270101/27095612/dtlmenu/drink/,キリン ハートランド(中瓶),900
しまなみふれんち Murakami,大阪府 大阪市北区 天神橋 1-13-15 大阪グリーン会館 102,34.6945848,135.5122193,050-5456-1294,https://tabelog.com/osaka/A2701/A270103/27100646/dtlmenu/drink/,キリン ハートランド(小瓶),660
西洋料理　いまとむかし,大阪府 大阪市北区 西天満 3-8-7 中之島ウィングマンション　1Ｆ,34.6952723,135.5073149,06-6364-1136,https://tabelog.com/osaka/A2701/A270102/27003673/dtlmenu/drink/,キリン ハートランド中瓶,650
mus,大阪府 大阪市北区 豊崎 3-10-2 I＆F梅田 1F,34.7094583,135.4988084,06-6377-6363,https://tabelog.com/osaka/A2701/A270101/27014433/dtlmenu/drink/,キリン ハードシードル樽生,600
飛鳥,大阪府 大阪市北区 西天満 3-8-18 西天満ビューハイツ　１Ｆ,34.6952314,135.5078305,06-6361-0137,https://tabelog.com/osaka/A2701/A270103/27005051/dtlmenu/drink/,キリン ブラウマイスター生ビール(中),640
雅しゅとうとう,大阪府 大阪市北区 堂島 1-5-2 フェザービル 1F,34.696056,135.4968569,06-6348-0141,https://tabelog.com/osaka/A2701/A270101/27012489/dtlmenu/drink/,キリン ラガービール(瓶),1210
ポポンペット,大阪府 大阪市北区 曾根崎2-14-15,34.7011155,135.5004746,050-5571-3381,https://tabelog.com/osaka/A2701/A270101/27061884/dtlmenu/drink/,キリン 一番搾り,480
北新地 すがはら,大阪府 大阪市北区 堂島 1-4-2 ビールディング北新地　２Ｆ,34.696101,135.4982009,050-5868-7952,https://tabelog.com/osaka/A2701/A270101/27000219/dtlmenu/drink/,キリン 一番搾り 中瓶,730
プロカンジャンケジャン 大阪店,大阪府 大阪市北区 曽根崎新地 1-5-24,34.6990236,135.5081067,050-5571-2678,https://tabelog.com/osaka/A2701/A270101/27065878/dtlmenu/drink/,キリン 一番絞り500ml 中瓶,735
鶏家 たちばな,大阪府 大阪市北区 天神橋 3-11-5,34.7027819,135.512333,050-5868-5966,https://tabelog.com/osaka/A2701/A270103/27011116/dtlmenu/drink/,キリン 陸,550
神戸元町別館 牡丹園 大阪梅田エスト店,大阪府 大阪市北区 角田町 3-25 エストエッジビル　４Ｆ,34.7046134,135.5003413,050-5890-6689,https://tabelog.com/osaka/A2701/A270101/27010355/dtlmenu/drink/,キリンクラシックラガー ・一番搾り(中瓶),880
ウルフギャング・ステーキハウス 大阪店,大阪府 大阪市北区 梅田 3-1-3 ルクア イーレ 10Ｆ,34.7028866,135.4953236,050-5571-6855,https://tabelog.com/osaka/A2701/A270101/27084039/dtlmenu/drink/,キリンクラッシックラガー,1100
おやさいバル TIERRA,大阪府 大阪市北区 中津 1-5-2,34.7099563,135.4957363,06-6372-0323,https://tabelog.com/osaka/A2701/A270101/27054803/dtlmenu/drink/,キリンハートランド 生,490
シャンデリア テーブル,大阪府 大阪市北区 角田町 8-7 阪急うめだ本店  13F,34.7028186,135.4985323,050-3504-0300,https://tabelog.com/osaka/A2701/A270101/27068362/dtlmenu/drink/,キリンハートランド<ドラフト>,780
玄三庵 西梅田店,大阪府 大阪市北区 梅田 1-3-1 大阪駅前第1ビル  1F,34.6988134,135.4964973,06-4795-2215,https://tabelog.com/osaka/A2701/A270101/27050674/dtlmenu/drink/,キリンハートランドビール,550
ロウリーズ・ザ・プライムリブ 大阪,大阪府 大阪市北区 梅田 2-2-22 ハービスPLAZA ENT  5F,34.6997829,135.4945698,050-5593-4617,https://tabelog.com/osaka/A2701/A270101/27018310/dtlmenu/drink/,キリンハートランド生ビール,850
ビアブルグ 梅田,大阪府 大阪市北区 芝田 1-8-1 D.D.HOUSE  1F,34.7070549,135.4973708,06-6375-2461,https://tabelog.com/osaka/A2701/A270101/27053633/dtlmenu/drink/,キリンハードシードル,550
バリラックス ザ ガーデン 梅田,大阪府 大阪市北区 梅田 1-9-20 大阪マルビル  3F,34.6998287,135.4970207,050-5589-7551,https://tabelog.com/osaka/A2701/A270101/27002144/dtlmenu/drink/,キリンハードシードル(リンゴのビール),730
おもてなし茶屋　咲扇,大阪府 大阪市北区 曽根崎新地 1-1-9 谷安キャバリエーレビル,34.6978481,135.498431,06-6348-5557,https://tabelog.com/osaka/A2701/A270102/27042295/dtlmenu/drink/,キリンラガー,600
百足家,大阪府 大阪市北区 天神橋 5-4-9 クロバーハイツ 1F,34.7085102,135.5119094,06-6232-8253,https://tabelog.com/osaka/A2701/A270103/27093520/dtlmenu/drink/,キリンラガー 中瓶,490
北新地 串揚げ かな山,大阪府 大阪市北区 曾根崎新地1-4-25 B1F,34.6978827,135.4965992,050-5597-5519,https://tabelog.com/osaka/A2701/A270101/27111492/dtlmenu/drink/,キリンラガー(中瓶),1320
北新地 名門,大阪府 大阪市北区 曾根崎新地1-4-25 新地MDビル 2F・3F,34.6978827,135.4965992,050-5597-5550,https://tabelog.com/osaka/A2701/A270101/27111765/dtlmenu/drink/,キリンラガー(小瓶),1100
鉄板焼　季流,大阪府 大阪市北区 梅田 3-1-1 ホテルグランヴィア大阪  19F,34.701726,135.4963754,050-5590-9124,https://tabelog.com/osaka/A2701/A270101/27008704/dtlmenu/drink/,キリンラガー(小瓶),950
うたげどころ うぉっしゅ,大阪府 大阪市北区 曾根崎新地2-3-13 若杉大阪駅前ビル B1F,34.697794,135.4938986,050-5590-0931,https://tabelog.com/osaka/A2701/A270101/27088669/dtlmenu/drink/,キリンラガー/中瓶,500
ひつまぶし名古屋備長 グランフロント大阪店,大阪府 大阪市北区 大深町 4-20 グランフロント大阪 　南館 7F,34.7053491,135.4945979,050-5868-6084,https://tabelog.com/osaka/A2701/A270101/27072440/dtlmenu/drink/,キリンラガービール,760
MAKIBI,大阪府 大阪市北区 西天満 3-1-27 メビウス西天満ビル 1F,34.6943123,135.5091563,050-5596-7690,https://tabelog.com/osaka/A2701/A270102/27108201/dtlmenu/drink/,キリンラガービール,600
ブラッスリー・プティ・ポー,大阪府 大阪市北区 池田町 10-10-105,34.707718,135.5139075,090-5646-7594,https://tabelog.com/osaka/A2701/A270103/27015766/dtlmenu/drink/,キリンラガー生ビール,600
MAKIBI,大阪府 大阪市北区 西天満 3-1-27 メビウス西天満ビル 1F,34.6943123,135.5091563,050-5596-7690,https://tabelog.com/osaka/A2701/A270102/27108201/dtlmenu/drink/,キリン・ハードシードル,700
ウルフギャング・ステーキハウス 大阪店,大阪府 大阪市北区 梅田 3-1-3 ルクア イーレ 10Ｆ,34.7028866,135.4953236,050-5571-6855,https://tabelog.com/osaka/A2701/A270101/27084039/dtlmenu/drink/,キリン一番搾り,1100
北新地焼肉 きらく,大阪府 大阪市北区 堂島 1-2-7 パーマリィイン堂島 2F,34.6962883,135.4991444,050-5589-4759,https://tabelog.com/osaka/A2701/A270101/27130269/dtlmenu/drink/,キリン一番搾り,800
串処 最上 北新地店,大阪府 大阪市北区 曾根崎新地1-10-16 永楽ビル  1F,34.6980434,135.4977038,06-6345-9085,https://tabelog.com/osaka/A2701/A270101/27001583/dtlmenu/drink/,キリン一番搾り,800
コサムイ バイ チェディルアン,大阪府 大阪市北区 梅田 2-2-22 ハービスエント 3F,34.6997829,135.4945698,06-6346-0606,https://tabelog.com/osaka/A2701/A270101/27079063/dtlmenu/drink/,キリン一番搾り グラス(生),759
コサムイ バイ チェディルアン,大阪府 大阪市北区 梅田 2-2-22 ハービスエント 3F,34.6997829,135.4945698,06-6346-0606,https://tabelog.com/osaka/A2701/A270101/27079063/dtlmenu/drink/,キリン一番搾り ピッチャー(生),3135
宮崎料理 万作 グランフロント大阪店,大阪府 大阪市北区 大深町 4-20 グランフロント大阪  南館7Ｆ,34.7053491,135.4945979,050-5868-3016,https://tabelog.com/osaka/A2701/A270101/27072190/dtlmenu/drink/,キリン一番搾り 中瓶,605
焼肉たまき,大阪府 大阪市北区 黒崎町 3-22,34.7073176,135.5077292,050-5592-1900,https://tabelog.com/osaka/A2701/A270101/27092684/dtlmenu/drink/,キリン一番搾り 中瓶,550
ひつまぶし名古屋備長 グランフロント大阪店,大阪府 大阪市北区 大深町 4-20 グランフロント大阪 　南館 7F,34.7053491,135.4945979,050-5868-6084,https://tabelog.com/osaka/A2701/A270101/27072440/dtlmenu/drink/,キリン一番搾り 樽詰め生ビール 中.ジョッキ,740
バリラックス ザ ガーデン 梅田,大阪府 大阪市北区 梅田 1-9-20 大阪マルビル  3F,34.6998287,135.4970207,050-5589-7551,https://tabelog.com/osaka/A2701/A270101/27002144/dtlmenu/drink/,キリン一番搾り(ハーフ&ハーフ),730
バリラックス ザ ガーデン 梅田,大阪府 大阪市北区 梅田 1-9-20 大阪マルビル  3F,34.6998287,135.4970207,050-5589-7551,https://tabelog.com/osaka/A2701/A270101/27002144/dtlmenu/drink/,キリン一番搾り(生),690
mus,大阪府 大阪市北区 豊崎 3-10-2 I＆F梅田 1F,34.7094583,135.4988084,06-6377-6363,https://tabelog.com/osaka/A2701/A270101/27014433/dtlmenu/drink/,キリン一番搾り(生) グラス,500
バリラックス ザ ガーデン 梅田,大阪府 大阪市北区 梅田 1-9-20 大阪マルビル  3F,34.6998287,135.4970207,050-5589-7551,https://tabelog.com/osaka/A2701/A270101/27002144/dtlmenu/drink/,キリン一番搾り(黒生),730
ひつまぶし名古屋備長 グランフロント大阪店,大阪府 大阪市北区 大深町 4-20 グランフロント大阪 　南館 7F,34.7053491,135.4945979,050-5868-6084,https://tabelog.com/osaka/A2701/A270101/27072440/dtlmenu/drink/,キリン一番搾り(黒生),650
ビアブルグ 梅田,大阪府 大阪市北区 芝田 1-8-1 D.D.HOUSE  1F,34.7070549,135.4973708,06-6375-2461,https://tabelog.com/osaka/A2701/A270101/27053633/dtlmenu/drink/,ギネス,1045
炭屋キッチン やまや,大阪府 大阪市北区 曽根崎 2-5-37,34.6990484,135.5012295,050-5590-8115,https://tabelog.com/osaka/A2701/A270101/27056522/dtlmenu/drink/,ギネス,700
ウルフギャング・ステーキハウス 大阪店,大阪府 大阪市北区 梅田 3-1-3 ルクア イーレ 10Ｆ,34.7028866,135.4953236,050-5571-6855,https://tabelog.com/osaka/A2701/A270101/27084039/dtlmenu/drink/,ギネス,1100
ア ターブル,大阪府 大阪市北区 曽根崎新地 1-3-36 竹新ビル4F,34.6974937,135.4971883,06-6344-5610,https://tabelog.com/osaka/A2701/A270101/27085820/dtlmenu/drink/,ギネス,700
ロウリーズ・ザ・プライムリブ 大阪,大阪府 大阪市北区 梅田 2-2-22 ハービスPLAZA ENT  5F,34.6997829,135.4945698,050-5593-4617,https://tabelog.com/osaka/A2701/A270101/27018310/dtlmenu/drink/,ギネス,780
シャンデリア テーブル,大阪府 大阪市北区 角田町 8-7 阪急うめだ本店  13F,34.7028186,135.4985323,050-3504-0300,https://tabelog.com/osaka/A2701/A270101/27068362/dtlmenu/drink/,ギネス,900
epais,大阪府 大阪市北区 曽根崎新地 1-9-3 ニュー華ビル 3F,34.6982594,135.4988228,050-5890-4534,https://tabelog.com/osaka/A2701/A270101/27072441/dtlmenu/drink/,ギネス,748
ゼックスウエスト ザ バー,大阪府 大阪市北区 梅田 2-2-22 ハービスPLAZA ENT  7F,34.6997829,135.4945698,050-5868-9945,https://tabelog.com/osaka/A2701/A270101/27003895/dtlmenu/drink/,ギネス,900
北新地　響香,大阪府 大阪市北区 曽根崎新地 1-1-41 アストリアジロービル1F,34.6966913,135.5004286,050-5570-6387,https://tabelog.com/osaka/A2701/A270101/27081144/dtlmenu/drink/,ギネス スタウト,748
鉄板焼　季流,大阪府 大阪市北区 梅田 3-1-1 ホテルグランヴィア大阪  19F,34.701726,135.4963754,050-5590-9124,https://tabelog.com/osaka/A2701/A270101/27008704/dtlmenu/drink/,ギネスビール,1300
万両 南森町店,大阪府 大阪市北区 南森町 1-2-14 ロイヤルハイツ　１Ｆ,34.6962687,135.5097088,06-6361-1371,https://tabelog.com/osaka/A2701/A270103/27002291/dtlmenu/drink/,ギネスビール,650
ホワイトラベル,大阪府 大阪市北区 東天満 2-10-23 サンエスト 1F,34.6983689,135.5127657,06-6948-5916,https://tabelog.com/osaka/A2701/A270103/27061897/dtlmenu/drink/,ギネス生樽HALF,500
ホワイトラベル,大阪府 大阪市北区 東天満 2-10-23 サンエスト 1F,34.6983689,135.5127657,06-6948-5916,https://tabelog.com/osaka/A2701/A270103/27061897/dtlmenu/drink/,ギネス生樽PINT,800
和牛 まつした 上通り店,大阪府 大阪市北区 曽根崎新地 1-3-30 北新地幸田ビル2F,34.69651,135.5018094,050-5589-9133,https://tabelog.com/osaka/A2701/A270101/27086935/dtlmenu/drink/,ギネス黒ビール,980
焼肉 輝 北新地,大阪府 大阪市北区 堂島 1-3-17 スリーエイトビル 1F,34.6966814,135.4972159,06-6347-0785,https://tabelog.com/osaka/A2701/A270101/27118512/dtlmenu/drink/,クラシックラガー〈瓶〉,693
Az/ビーフン東 大阪店,大阪府 大阪市北区 西天満 4-4-8 B1F,34.6975565,135.5047462,050-5596-4963,https://tabelog.com/osaka/A2701/A270103/27060666/dtlmenu/drink/,グランドキリンIPA 生ビール,1000
ゼックスウエスト ザ バー,大阪府 大阪市北区 梅田 2-2-22 ハービスPLAZA ENT  7F,34.6997829,135.4945698,050-5868-9945,https://tabelog.com/osaka/A2701/A270101/27003895/dtlmenu/drink/,コロナ,850
ビストロ テソロン ウナ ベッコ,大阪府 大阪市北区 大淀中 2-4-12 パナッシュコート梅田北 1F,34.7034584,135.485508,050-5869-5402,https://tabelog.com/osaka/A2701/A270108/27045748/dtlmenu/drink/,コロナ,600
焼肉冷麺 ユッチャン 北新地店,大阪府 大阪市北区 曽根崎新地 1-3-9 GOTS北新地ビル 1F,34.697513,135.4962862,050-5872-2771,https://tabelog.com/osaka/A2701/A270101/27120854/dtlmenu/drink/,コロナ,770
ウルフギャング・ステーキハウス 大阪店,大阪府 大阪市北区 梅田 3-1-3 ルクア イーレ 10Ｆ,34.7028866,135.4953236,050-5571-6855,https://tabelog.com/osaka/A2701/A270101/27084039/dtlmenu/drink/,コロナ,1200
おやさいバル TIERRA,大阪府 大阪市北区 中津 1-5-2,34.7099563,135.4957363,06-6372-0323,https://tabelog.com/osaka/A2701/A270101/27054803/dtlmenu/drink/,コロナ エキストラ,690
インド料理 MAHARAJA,大阪府 大阪市北区 梅田 1-2-2-B1000 大阪駅前第2ビルB1,34.6989342,135.4979539,050-5869-5835,https://tabelog.com/osaka/A2701/A270101/27005099/dtlmenu/drink/,コロナビール,600
墨国回転鶏料理 天満店,大阪府 大阪市北区 池田町 8-4,34.7069705,135.5131622,050-5868-5965,https://tabelog.com/osaka/A2701/A270103/27011009/dtlmenu/drink/,コロナビール,748
墨国回転鶏食堂 ルクアイーレ店,大阪府 大阪市北区 梅田 3-1-3,34.7028866,135.4953236,050-5571-6878,https://tabelog.com/osaka/A2701/A270101/27084367/dtlmenu/drink/,コロナビール,715
40スカイバー＆ラウンジ,大阪府 大阪市北区 中之島 3-2-4 中之島フェスティバルタワー・ウェスト コンラッド大阪 40F,34.6935357,135.4957224,06-6222-0111,https://tabelog.com/osaka/A2701/A270102/27097670/dtlmenu/drink/,サッポロ ヱビス マイスター生,2200
はまぐり庵 -吉祥別邸-,大阪府 大阪市北区 芝田 1-1-3 阪急三番街 南館　B2F,34.7042385,135.4984654,050-5457-7440,https://tabelog.com/osaka/A2701/A270101/27077831/dtlmenu/drink/,サッポロ ヱビス(小瓶),650
マッシュアップ,大阪府 大阪市北区 天神橋 6-3-26,34.7100124,135.5126763,050-5869-4466,https://tabelog.com/osaka/A2701/A270103/27031630/dtlmenu/drink/,サッポロ 赤星 瓶,660
ひもの野郎 梅田第4ビル本店,大阪府 大阪市北区 梅田 1-11-4 大阪駅前第4ビル  B2-71号72号,34.699839,135.498794,090-2196-5186,https://tabelog.com/osaka/A2701/A270101/27062999/dtlmenu/drink/,サッポロ 赤星(中瓶),470
epais,大阪府 大阪市北区 曽根崎新地 1-9-3 ニュー華ビル 3F,34.6982594,135.4988228,050-5890-4534,https://tabelog.com/osaka/A2701/A270101/27072441/dtlmenu/drink/,サッポロ 黒ラベル,715
はまぐり庵 -吉祥別邸-,大阪府 大阪市北区 芝田 1-1-3 阪急三番街 南館　B2F,34.7042385,135.4984654,050-5457-7440,https://tabelog.com/osaka/A2701/A270101/27077831/dtlmenu/drink/,サッポロ 黒ラベル(生ビール),720
おもてなし茶屋　咲扇,大阪府 大阪市北区 曽根崎新地 1-1-9 谷安キャバリエーレビル,34.6978481,135.498431,06-6348-5557,https://tabelog.com/osaka/A2701/A270102/27042295/dtlmenu/drink/,サッポロエビス,700
鉄板焼　季流,大阪府 大阪市北区 梅田 3-1-1 ホテルグランヴィア大阪  19F,34.701726,135.4963754,050-5590-9124,https://tabelog.com/osaka/A2701/A270101/27008704/dtlmenu/drink/,サッポロエビス(小瓶),950
ビストロケ ヤマネ,大阪府 大阪市北区 堂島 1-3-16 堂島メリーセンタービル 1F,34.6966074,135.4972251,080-9167-0326,https://tabelog.com/osaka/A2701/A270101/27095344/dtlmenu/drink/,サッポロプレミアム,500
鶏割烹 ならや,大阪府 大阪市北区 曽根崎新地 1-7-8 新日本新地ビル本館 3F,34.6970511,135.5001156,050-5596-4987,https://tabelog.com/osaka/A2701/A270101/27107513/dtlmenu/drink/,サッポロラガー,780
ご馳走 ね音,大阪府 大阪市北区 天神橋 5-3-22 安田ビル 2F,34.7077688,135.5121856,050-5597-8331,https://tabelog.com/osaka/A2701/A270103/27096416/dtlmenu/drink/,サッポロラガー 瓶,700
カッシーワ 茶屋町店,大阪府 大阪市北区 芝田 1-7-2 阪急かっぱ横丁  2F,34.7071744,135.4980634,050-5872-5750,https://tabelog.com/osaka/A2701/A270101/27075650/dtlmenu/drink/,サッポロラガー(赤星)<中瓶>,580
北新地　和平,大阪府 大阪市北区 曾根崎新地1-7-8 新日本新地ビル1F,34.6970511,135.5001156,06-6345-5236,https://tabelog.com/osaka/A2701/A270101/27060654/dtlmenu/drink/,サッポロラガー瓶ビール,600
焼肉マル 北新地店,大阪府 大阪市北区 曽根崎新地 1-5-18 零北新地ビル　１０Ｆ,34.6979906,135.4970226,050-5890-3488,https://tabelog.com/osaka/A2701/A270101/27006722/dtlmenu/drink/,サッポロラガー瓶ビール(中瓶),660
ろっこん,大阪府 大阪市北区 曽根崎新地 1-1-15,34.6939689,135.5059383,050-5869-7586,https://tabelog.com/osaka/A2701/A270101/27052272/dtlmenu/drink/,サッポロ瓶ビール,770
粋魚 むらばやし,大阪府 大阪市北区 堂島 1-2-17 大日ビルB1F,34.6967104,135.4988084,050-5597-8548,https://tabelog.com/osaka/A2701/A270101/27042412/dtlmenu/drink/,サッポロ生ビール,880
Az/ビーフン東 大阪店,大阪府 大阪市北区 西天満 4-4-8 B1F,34.6975565,135.5047462,050-5596-4963,https://tabelog.com/osaka/A2701/A270103/27060666/dtlmenu/drink/,サッポロ生ビール,700
アネロ,大阪府 大阪市北区 池田町 14-12,34.7084411,135.5129867,不明の為情報お待ちしております,https://tabelog.com/osaka/A2701/A270103/27079346/dtlmenu/drink/,サッポロ生ビール,400
Bar Espanol LA BODEGA 大阪店,大阪府 大阪市北区 大深町 4-20 グランフロント大阪 南館 7F,34.7053491,135.4945979,050-5890-8807,https://tabelog.com/osaka/A2701/A270101/27072609/dtlmenu/drink/,サッポロ生ビール 黒ラベル(樽生),803
北新地　和平,大阪府 大阪市北区 曾根崎新地1-7-8 新日本新地ビル1F,34.6970511,135.5001156,06-6345-5236,https://tabelog.com/osaka/A2701/A270101/27060654/dtlmenu/drink/,サッポロ生ビール中,600
北新地　和平,大阪府 大阪市北区 曾根崎新地1-7-8 新日本新地ビル1F,34.6970511,135.5001156,06-6345-5236,https://tabelog.com/osaka/A2701/A270101/27060654/dtlmenu/drink/,サッポロ生ビール小,400
GOOD PROVISION NEWYORK,大阪府 大阪市北区 梅田 3-1-3 ルクア  イーレ　10F,34.7028866,135.4953236,050-5589-9447,https://tabelog.com/osaka/A2701/A270101/27083744/dtlmenu/drink/,サッポロ生ビール黒ラベル〈樽生〉,836
鮨 仙酢 総本店,大阪府 大阪市北区 曾根崎新地1-5-32 ボネールビル B1F,34.6975723,135.4978879,050-5869-2107,https://tabelog.com/osaka/A2701/A270101/27119787/dtlmenu/drink/,サッポロ赤星,880
御料理 うえの,大阪府 大阪市北区 曽根崎新地 1-9-12 3F,34.6982594,135.4988228,050-5456-8960,https://tabelog.com/osaka/A2701/A270101/27095129/dtlmenu/drink/,サッポロ赤星 中瓶,700
立ち飲み じんべえ,大阪府 大阪市北区 曾根崎2-14-7 グランデ曽根崎ビル 1F,34.7009651,135.501073,050-5589-6682,https://tabelog.com/osaka/A2701/A270101/27087097/dtlmenu/drink/,サッポロ赤星大瓶,759
どんたく,大阪府 大阪市北区 梅田 1-2-2 大阪駅前第2ビル  B2F,34.6989342,135.4979539,050-5872-8806,https://tabelog.com/osaka/A2701/A270101/27000696/dtlmenu/drink/,サッポロ黒ラベル,470
ひもの野郎 梅田第4ビル本店,大阪府 大阪市北区 梅田 1-11-4 大阪駅前第4ビル  B2-71号72号,34.699839,135.498794,090-2196-5186,https://tabelog.com/osaka/A2701/A270101/27062999/dtlmenu/drink/,サッポロ黒ラベル 生,430
浪速割烹 昇,大阪府 大阪市北区 大淀南 1-3-12,34.7038392,135.4903127,050-5589-8941,https://tabelog.com/osaka/A2701/A270101/27095612/dtlmenu/drink/,サッポロ黒ラベル(中瓶),900
さぬきうどん 四国屋 本店,大阪府 大阪市北区 梅田 1-2-2 大阪駅前第2ビル  B2F,34.6989342,135.4979539,050-5589-6477,https://tabelog.com/osaka/A2701/A270101/27000362/dtlmenu/drink/,サッポロ黒ラベル350ml,370
神戸牛 鉄板焼 リオ 大阪マルビル店,大阪府 大阪市北区 梅田 1-9-20 大阪マルビル  7F,34.6998287,135.4970207,06-6346-1321,https://tabelog.com/osaka/A2701/A270101/27006177/dtlmenu/drink/,サントリー  ザ・プレミアム・モルツ 小瓶,900
神戸牛 鉄板焼 リオ 大阪マルビル店,大阪府 大阪市北区 梅田 1-9-20 大阪マルビル  7F,34.6998287,135.4970207,06-6346-1321,https://tabelog.com/osaka/A2701/A270101/27006177/dtlmenu/drink/,サントリー  ザ・プレミアム・モルツ〈香る〉エール 生,900
知留久 曽根崎本店,大阪府 大阪市北区 曽根崎 2-9-9,34.7002522,135.5009268,050-5596-7634,https://tabelog.com/osaka/A2701/A270101/27000479/dtlmenu/drink/,サントリー オールド ミニボトル,600
中國菜 心香,大阪府 大阪市北区 西天満 5-6-26,34.6989007,135.5082172,050-5592-8286,https://tabelog.com/osaka/A2701/A270103/27085334/dtlmenu/drink/,サントリー ザ プレミアムモルツ,550
中国菜エスサワダ,大阪府 大阪市北区 西天満 4-6-28 ニュー真砂ビル 1F,34.696289,135.5050684,050-5592-8876,https://tabelog.com/osaka/A2701/A270102/27095063/dtlmenu/drink/,サントリー ザプレミアムモルツ 香るエール 中グラス,935
鯛之鯛 梅田店,大阪府 大阪市北区 堂山町 1-2 R&Eビル B1F,34.7025117,135.5047002,050-5590-9175,https://tabelog.com/osaka/A2701/A270101/27091917/dtlmenu/drink/,サントリー ザ・モルツ,459
炭と地酒とたしなみワイン Kai本店 醸す,大阪府 大阪市北区 堂島浜 1-1-15 堂浜第2ビル B1F,34.6957247,135.4999131,050-5570-8252,https://tabelog.com/osaka/A2701/A270101/27042896/dtlmenu/drink/,サントリー ザ・モルツ 大瓶,990
知留久 曽根崎本店,大阪府 大阪市北区 曽根崎 2-9-9,34.7002522,135.5009268,050-5596-7634,https://tabelog.com/osaka/A2701/A270101/27000479/dtlmenu/drink/,サントリー プレミアムモルツ,600
北新地 すがはら,大阪府 大阪市北区 堂島 1-4-2 ビールディング北新地　２Ｆ,34.696101,135.4982009,050-5868-7952,https://tabelog.com/osaka/A2701/A270101/27000219/dtlmenu/drink/,サントリー プレミアムモルツ 生,730
はまぐり庵 -吉祥別邸-,大阪府 大阪市北区 芝田 1-1-3 阪急三番街 南館　B2F,34.7042385,135.4984654,050-5457-7440,https://tabelog.com/osaka/A2701/A270101/27077831/dtlmenu/drink/,サントリー プレミアムモルツ(小瓶),650
雅しゅとうとう,大阪府 大阪市北区 堂島 1-5-2 フェザービル 1F,34.696056,135.4968569,06-6348-0141,https://tabelog.com/osaka/A2701/A270101/27012489/dtlmenu/drink/,サントリー プレミアムモルツ(瓶),1320
ザ ロビーラウンジ,大阪府 大阪市北区 梅田 2-5-25 ザ・リッツ・カールトン大阪  1F,34.69834,135.4925207,06-6343-7020,https://tabelog.com/osaka/A2701/A270101/27000698/dtlmenu/drink/,サントリー マスターズ ドリーム,1900
北新地 湯木 新店,大阪府 大阪市北区 堂島 1-5-39 マルタビル 1F,34.6961415,135.4969674,050-5869-6949,https://tabelog.com/osaka/A2701/A270101/27073634/dtlmenu/drink/,サントリー マスターズドリーム(生),880
北新地 すがはら,大阪府 大阪市北区 堂島 1-4-2 ビールディング北新地　２Ｆ,34.696101,135.4982009,050-5868-7952,https://tabelog.com/osaka/A2701/A270101/27000219/dtlmenu/drink/,サントリー モルツ 中瓶,730
マッシュアップ,大阪府 大阪市北区 天神橋 6-3-26,34.7100124,135.5126763,050-5869-4466,https://tabelog.com/osaka/A2701/A270103/27031630/dtlmenu/drink/,サントリー モルツ生,550
人家,大阪府 大阪市北区 曽根崎新地 1-3-3 好陽ビル　Ｂ１Ｆ,34.6973226,135.4969674,050-5590-9679,https://tabelog.com/osaka/A2701/A270101/27000741/dtlmenu/drink/,サントリー 生ビール,880
上海食苑 本店 ,大阪府 大阪市北区 池田町 12-4,34.7077323,135.5132805,050-5594-1759,https://tabelog.com/osaka/A2701/A270103/27000509/dtlmenu/drink/,サントリービール「ザ・モルツ」,450
おもてなし茶屋　咲扇,大阪府 大阪市北区 曽根崎新地 1-1-9 谷安キャバリエーレビル,34.6978481,135.498431,06-6348-5557,https://tabelog.com/osaka/A2701/A270102/27042295/dtlmenu/drink/,サントリープレミアムモルツ,700
田なか,大阪府 大阪市北区 曽根崎新地 1-1-23 堂島センタービル　１Ｆ,34.6969002,135.4989189,050-5570-5106,https://tabelog.com/osaka/A2701/A270101/27002035/dtlmenu/drink/,サントリープレミアムモルツ 生ビール(中),650
花様 阪急梅田,大阪府 大阪市北区 芝田 1-7-2 阪急かっぱ横丁  2F,34.7071744,135.4980634,050-5594-1783,https://tabelog.com/osaka/A2701/A270101/27049246/dtlmenu/drink/,サントリーモルツ 樽生ビール,528
北新地　響香,大阪府 大阪市北区 曽根崎新地 1-1-41 アストリアジロービル1F,34.6966913,135.5004286,050-5570-6387,https://tabelog.com/osaka/A2701/A270101/27081144/dtlmenu/drink/,ザ プレミアモルツ,649
RESTAURANT LES SOUVENIRS,大阪府 大阪市北区 曽根崎新地 1-2-10 第3鈴木ビル 5F,34.7009597,135.5007968,050-5457-3429,https://tabelog.com/osaka/A2701/A270101/27119212/dtlmenu/drink/,ザ・プレミアムモルツ,800
ウルフギャング・ステーキハウス 大阪店,大阪府 大阪市北区 梅田 3-1-3 ルクア イーレ 10Ｆ,34.7028866,135.4953236,050-5571-6855,https://tabelog.com/osaka/A2701/A270101/27084039/dtlmenu/drink/,ザ・プレミアムモルツ,1100
ハイボールバー梅田1923,大阪府 大阪市北区 芝田 2-1-3 梅仙堂ビル1F,34.7053597,135.4965808,06-6375-2300,https://tabelog.com/osaka/A2701/A270101/27059872/dtlmenu/drink/,ザ・プレミアムモルツ,650
旬魚 旬菜 咲くら 梅田阪急グランドビル店,大阪府 大阪市北区 角田町 8-47 阪急グランドビル  27F,34.7029862,135.4990478,06-6315-7780,https://tabelog.com/osaka/A2701/A270101/27002077/dtlmenu/drink/,ザ・プレミアムモルツ,630
はまじま,大阪府 大阪市北区 堂島浜 1-1-8,34.6952097,135.500063,050-5890-1236,https://tabelog.com/osaka/A2701/A270102/27004668/dtlmenu/drink/,ザ・プレミアムモルツ (中瓶),800
旬魚 旬菜 咲くら 梅田阪急グランドビル店,大阪府 大阪市北区 角田町 8-47 阪急グランドビル  27F,34.7029862,135.4990478,06-6315-7780,https://tabelog.com/osaka/A2701/A270101/27002077/dtlmenu/drink/,ザ・プレミアムモルツ 中瓶,800
ダイナミックキッチン＆バー 燦 大阪店,大阪府 大阪市北区 西天満 4-15-10 あいおいニッセイ同和損保フェニックスタワー 27F,34.6978834,135.5010999,050-3164-0378,https://tabelog.com/osaka/A2701/A270101/27002147/dtlmenu/drink/,ザ・プレミアムモルツ 香るエール,850
北新地 串揚げ かな山,大阪府 大阪市北区 曾根崎新地1-4-25 B1F,34.6978827,135.4965992,050-5597-5519,https://tabelog.com/osaka/A2701/A270101/27111492/dtlmenu/drink/,ザ・プレミアムモルツ(中瓶),1430
神戸吉兆 リーガロイヤルホテル店,大阪府 大阪市北区 中之島 5-3-68 リーガロイヤルホテル  B1F,34.690167,135.48734,06-6448-3168,https://tabelog.com/osaka/A2701/A270108/27000802/dtlmenu/drink/,ザ・プレミアムモルツ(中瓶),1240
epais,大阪府 大阪市北区 曽根崎新地 1-9-3 ニュー華ビル 3F,34.6982594,135.4988228,050-5890-4534,https://tabelog.com/osaka/A2701/A270101/27072441/dtlmenu/drink/,ザ・プレミアムモルツ(香る)エール,825
はまじま,大阪府 大阪市北区 堂島浜 1-1-8,34.6952097,135.500063,050-5890-1236,https://tabelog.com/osaka/A2701/A270102/27004668/dtlmenu/drink/,ザ・プレミアムモルツ・マスターズドリーム (生),710
中華バル サワダ,大阪府 大阪市北区 曾根崎2-9-17 お初天神裏参道,34.7004648,135.5008857,050-5456-0897,https://tabelog.com/osaka/A2701/A270101/27113311/dtlmenu/drink/,ザ・プレミアムモルツ・香るエール,715
井ぐち,大阪府 大阪市北区 曽根崎 2-10-19 河合ビル　１Ｆ,34.7007326,135.5009073,050-5869-8776,https://tabelog.com/osaka/A2701/A270101/27010072/dtlmenu/drink/,ザ・プレミアムモルツ中瓶,550
座頭市,大阪府 大阪市北区 曽根崎新地 1-3-21 日宝スタービル 1F,34.6994706,135.5011466,06-6147-3009,https://tabelog.com/osaka/A2701/A270101/27076655/dtlmenu/drink/,ザ・プレミアムモルツ生,380
俺のフレンチ 梅田,大阪府 大阪市北区 小松原町 1-7 ミスターりんビル 1F,34.7021835,135.500852,06-6360-9405,https://tabelog.com/osaka/A2701/A270101/27092618/dtlmenu/drink/,ザ・プレミアムモルツ生,638
井ぐち,大阪府 大阪市北区 曽根崎 2-10-19 河合ビル　１Ｆ,34.7007326,135.5009073,050-5869-8776,https://tabelog.com/osaka/A2701/A270101/27010072/dtlmenu/drink/,ザ・プレミアムモルツ生ビール(お得ジョッキ),680
宮生,大阪府 大阪市北区 曽根崎新地 1丁目5-4 スプレッドビル 1F,34.6977334,135.4974829,050-5868-5838,https://tabelog.com/osaka/A2701/A270101/27005061/dtlmenu/drink/,ザ・プレミアムモルツ生ビール(中),620
井ぐち,大阪府 大阪市北区 曽根崎 2-10-19 河合ビル　１Ｆ,34.7007326,135.5009073,050-5869-8776,https://tabelog.com/osaka/A2701/A270101/27010072/dtlmenu/drink/,ザ・プレミアムモルツ生ビール(中/ジョッキ),550
井ぐち,大阪府 大阪市北区 曽根崎 2-10-19 河合ビル　１Ｆ,34.7007326,135.5009073,050-5869-8776,https://tabelog.com/osaka/A2701/A270101/27010072/dtlmenu/drink/,ザ・プレミアムモルツ生ビール(小/タンブラー),480
北新地 串揚げ かな山,大阪府 大阪市北区 曾根崎新地1-4-25 B1F,34.6978827,135.4965992,050-5597-5519,https://tabelog.com/osaka/A2701/A270101/27111492/dtlmenu/drink/,ザ・プレミアムモルツ香るエール(中),1100
北新地 串揚げ かな山,大阪府 大阪市北区 曾根崎新地1-4-25 B1F,34.6978827,135.4965992,050-5597-5519,https://tabelog.com/osaka/A2701/A270101/27111492/dtlmenu/drink/,ザ・プレミアムモルツ香るエール(小),770
近畿大学水産研究所 グランフロント大阪店,大阪府 大阪市北区 大深町 3-1 グランフロント大阪 北館 6F,34.7053446,135.4945926,050-5594-2613,https://tabelog.com/osaka/A2701/A270101/27072530/dtlmenu/drink/,ザ・プレミアム・モルツ,680
大衆 焼き肉ホルモン 大松,大阪府 大阪市北区 曾根崎 2-8-15 K'sスクエアビル 1F,34.7000017,135.5008199,050-5595-8159,https://tabelog.com/osaka/A2701/A270101/27103974/dtlmenu/drink/,ザ・プレミアム・モルツ,429
Whisky Dining WWW.W,大阪府 大阪市北区 大深町 3-1 グランフロント大阪 ナレッジキャピタル 2F,34.7059399,135.4944627,050-3199-1465,https://tabelog.com/osaka/A2701/A270101/27072204/dtlmenu/drink/,ザ・プレミアム・モルツ,630
Whisky Dining WWW.W,大阪府 大阪市北区 大深町 3-1 グランフロント大阪 ナレッジキャピタル 2F,34.7059399,135.4944627,050-3199-1465,https://tabelog.com/osaka/A2701/A270101/27072204/dtlmenu/drink/,ザ・プレミアム・モルツ マスターズ ドリーム,720
同心町 和食 瑞,大阪府 大阪市北区 同心 2-4-13 ヴェール同心 1F,34.702401,135.5140549,050-5456-2430,https://tabelog.com/osaka/A2701/A270103/27113675/dtlmenu/drink/,ザ・プレミアム・モルツ 中瓶,650
ダイナミックキッチン＆バー 燦 ヒルトンプラザウエスト店,大阪府 大阪市北区 梅田 2-2-2 ヒルトンプラザウエスト  6F,34.6999702,135.4952544,050-5890-5193,https://tabelog.com/osaka/A2701/A270101/27006519/dtlmenu/drink/,ザ・プレミアム・モルツ 香るエール,850
白雲台 グランフロント大阪店,大阪府 大阪市北区 大深町 4-20 グランフロント大阪  南館 7F,34.7053491,135.4945979,050-5869-3256,https://tabelog.com/osaka/A2701/A270101/27072588/dtlmenu/drink/,ザ・プレミアム・モルツ(小),430
心の館 清水,大阪府 大阪市北区 曽根崎 2-2-11 安田ビル　１Ｆ,34.6992328,135.5014228,06-6365-5560,https://tabelog.com/osaka/A2701/A270101/27013883/dtlmenu/drink/,ザ・プレミアム・モルツ(小),440
北新地 名門,大阪府 大阪市北区 曾根崎新地1-4-25 新地MDビル 2F・3F,34.6978827,135.4965992,050-5597-5550,https://tabelog.com/osaka/A2701/A270101/27111765/dtlmenu/drink/,ザ・プレミアム・モルツ(小瓶),1100
シャンパン食堂,大阪府 大阪市北区 堂島 1-3-20 阪口ビルＢ１,34.6969896,135.4972251,050-5869-4481,https://tabelog.com/osaka/A2701/A270101/27058412/dtlmenu/drink/,ザ・プレミアム・モルツ(小瓶),800
北新地 名門,大阪府 大阪市北区 曾根崎新地1-4-25 新地MDビル 2F・3F,34.6978827,135.4965992,050-5597-5550,https://tabelog.com/osaka/A2701/A270101/27111765/dtlmenu/drink/,ザ・プレミアム・モルツ(小瓶),1100
魚deバール　ウオチカ。,大阪府 大阪市北区 角田町 梅田地下街2-8 WHITYうめだノースモール2,34.7026191,135.4997952,06-6311-4782,https://tabelog.com/osaka/A2701/A270101/27058117/dtlmenu/drink/,ザ・プレミアム・モルツ<香る>エール(樽生),550
BELLA BOCCA 阪急梅田店,大阪府 大阪市北区 芝田 1-3-13 B1F,34.7060915,135.4974692,050-5592-7632,https://tabelog.com/osaka/A2701/A270101/27066961/dtlmenu/drink/,ザ・プレミアム・モルツ〈香る〉エール,550
香港海鮮飲茶樓 ブリーゼブリーゼ,大阪府 大阪市北区 梅田 2-4-9 ブリーゼブリーゼ  6F,34.6986205,135.4939534,050-5869-6862,https://tabelog.com/osaka/A2701/A270101/27018185/dtlmenu/drink/,ザ・プレミアム・モルツ《樽生》,660
街の肉バルBuff 南森町店,大阪府 大阪市北区 天神橋 3-2-19 ドエル南森町 1F,34.6998189,135.5111035,06-6881-5529,https://tabelog.com/osaka/A2701/A270103/27068969/dtlmenu/drink/,ザ・プレミアム・モルツお得ジョッキ,528
讃岐うどん 今雪,大阪府 大阪市北区 神山町 3-10 クラウンマエダビル 1F,34.7029999,135.5060683,050-5590-1677,https://tabelog.com/osaka/A2701/A270101/27067874/dtlmenu/drink/,ザ・プレミアム・モルツビール,450
焼肉冷麺 ユッチャン 北新地店,大阪府 大阪市北区 曽根崎新地 1-3-9 GOTS北新地ビル 1F,34.697513,135.4962862,050-5872-2771,https://tabelog.com/osaka/A2701/A270101/27120854/dtlmenu/drink/,ザ・プレミアム・モルツ生ビール,748
街の肉バルBuff 南森町店,大阪府 大阪市北区 天神橋 3-2-19 ドエル南森町 1F,34.6998189,135.5111035,06-6881-5529,https://tabelog.com/osaka/A2701/A270103/27068969/dtlmenu/drink/,ザ・プレミアム・モルツ生中,418
サワダ飯店,大阪府 大阪市北区 小松原町 2-4 富国生命ビル B2F,34.7022777,135.5002261,050-5872-2200,https://tabelog.com/osaka/A2701/A270101/27120248/dtlmenu/drink/,ザ・プレミアム・モルツ香るエール,600
黒毛和牛焼肉 虎斑 北新地店,大阪府 大阪市北区 曽根崎新地 1-5-21 松木興産ビル 2F,34.6979791,135.497262,050-5570-3595,https://tabelog.com/osaka/A2701/A270101/27123854/dtlmenu/drink/,スーパードライ,800
RESTAURANT LES SOUVENIRS,大阪府 大阪市北区 曽根崎新地 1-2-10 第3鈴木ビル 5F,34.7009597,135.5007968,050-5457-3429,https://tabelog.com/osaka/A2701/A270101/27119212/dtlmenu/drink/,スーパードライ,800
北新地 串揚げ かな山,大阪府 大阪市北区 曾根崎新地1-4-25 B1F,34.6978827,135.4965992,050-5597-5519,https://tabelog.com/osaka/A2701/A270101/27111492/dtlmenu/drink/,スーパードライ(中瓶),1210
サワダ飯店,大阪府 大阪市北区 小松原町 2-4 富国生命ビル B2F,34.7022777,135.5002261,050-5872-2200,https://tabelog.com/osaka/A2701/A270101/27120248/dtlmenu/drink/,スーパードライ(中瓶),600
串焼き 焼とんyaたゆたゆ お初天神店,大阪府 大阪市北区 曽根崎 2-10-7 1F,34.7009597,135.5007968,050-5571-6865,https://tabelog.com/osaka/A2701/A270101/27084212/dtlmenu/drink/,スーパードライ(瓶),605
焼肉 輝 北新地,大阪府 大阪市北区 堂島 1-3-17 スリーエイトビル 1F,34.6966814,135.4972159,06-6347-0785,https://tabelog.com/osaka/A2701/A270101/27118512/dtlmenu/drink/,スーパードライ〈瓶〉,693
串焼き 焼とんyaたゆたゆ お初天神店,大阪府 大阪市北区 曽根崎 2-10-7 1F,34.7009597,135.5007968,050-5571-6865,https://tabelog.com/osaka/A2701/A270101/27084212/dtlmenu/drink/,スーパードライブラック 生ビール,605
中華バル サワダ,大阪府 大阪市北区 曾根崎2-9-17 お初天神裏参道,34.7004648,135.5008857,050-5456-0897,https://tabelog.com/osaka/A2701/A270101/27113311/dtlmenu/drink/,スーパードライ中瓶,660
墨国回転鶏料理 天満店,大阪府 大阪市北区 池田町 8-4,34.7069705,135.5131622,050-5868-5965,https://tabelog.com/osaka/A2701/A270103/27011009/dtlmenu/drink/,ドスエキスラガー,803
フレンチ串揚げ BEIGNET,大阪府 大阪市北区 芝田 2-5-6 ニュー共栄ビル 1F,34.7065234,135.495826,06-6292-2626,https://tabelog.com/osaka/A2701/A270101/27096328/dtlmenu/drink/,ドメーヌ・ド・ラ・サントリーヌ ペイ・ドック・コロンバール 2015,4400
ONZORO. ,大阪府 大阪市北区 天神橋 3-10-8 与力町スカイハイツ 101,34.7020123,135.5124158,050-5590-0899,https://tabelog.com/osaka/A2701/A270103/27080839/dtlmenu/drink/,ハイネケン,600
ロカンダ,大阪府 大阪市北区 角田町 8-7 阪急うめだ本店  12F,34.7028186,135.4985323,06-6313-1517,https://tabelog.com/osaka/A2701/A270101/27068333/dtlmenu/drink/,ハイネケン,900
ビアブルグ 梅田,大阪府 大阪市北区 芝田 1-8-1 D.D.HOUSE  1F,34.7070549,135.4973708,06-6375-2461,https://tabelog.com/osaka/A2701/A270101/27053633/dtlmenu/drink/,ハイネケン エクストラコールド,935
カルネジーオ ウエスト,大阪府 大阪市北区 芝田 1-6-2 茶屋町あるこ,34.7067778,135.4984087,050-3628-4656,https://tabelog.com/osaka/A2701/A270101/27110278/dtlmenu/drink/,ハイネケン エクストラコールド,770
クンテープ ルクア大阪店,大阪府 大阪市北区 梅田 3-1-3 ルクア大阪 B2F,34.7029403,135.4955499,050-5457-8789,https://tabelog.com/osaka/A2701/A270101/27101630/dtlmenu/drink/,ハイネケン 瓶,660
モスクワプリュスシェミ,大阪府 大阪市北区 梅田 1-3-1 大阪駅前第1ビル  B1F,34.6988863,135.4964525,050-5869-1217,https://tabelog.com/osaka/A2701/A270101/27051100/dtlmenu/drink/,ハイネケン(瓶ビール・330ml),600
ザ ロビーラウンジ,大阪府 大阪市北区 梅田 2-5-25 ザ・リッツ・カールトン大阪  1F,34.69834,135.4925207,06-6343-7020,https://tabelog.com/osaka/A2701/A270101/27000698/dtlmenu/drink/,ハイネケン/ギネス スタウト,1600
麻辣担々麺 堂島,大阪府 大阪市北区 堂島 2-1-27,34.6962018,135.4944061,06-6453-1168,https://tabelog.com/osaka/A2701/A270101/27074695/dtlmenu/drink/,ハイネケンextra cold,500
タイ料理 スワンナプームタイ 大阪,大阪府 大阪市北区 梅田 1-11-4 大阪駅前第4ビル  B2F,34.699879,135.4988566,06-6343-2790,https://tabelog.com/osaka/A2701/A270101/27066949/dtlmenu/drink/,ハイネケン★ボトル,580
中崎パスタ店 山根屋,大阪府 大阪市北区 中崎 2-3-9,34.7082776,135.505851,050-5593-5648,https://tabelog.com/osaka/A2701/A270101/27088840/dtlmenu/drink/,ハートランドビール(瓶),370
パンケーキ＆ブックス ビブリオテーク,大阪府 大阪市北区 大深町 4-20 グランフロント大阪 　ショップ＆レストラン南館 1Ｆ,34.7053491,135.4945979,06-6359-1389,https://tabelog.com/osaka/A2701/A270101/27071977/dtlmenu/drink/,ハートランドビール(瓶),715
ケラケラ クランツ,大阪府 大阪市北区 小松原町 2-4 大阪富国生命ビル　B2F,34.70217,135.5000915,050-5868-2965,https://tabelog.com/osaka/A2701/A270101/27053066/dtlmenu/drink/,パーフェクト黒ラベル,720
シャンデリア テーブル,大阪府 大阪市北区 角田町 8-7 阪急うめだ本店  13F,34.7028186,135.4985323,050-3504-0300,https://tabelog.com/osaka/A2701/A270101/27068362/dtlmenu/drink/,ヒューガルデン,900
epais,大阪府 大阪市北区 曽根崎新地 1-9-3 ニュー華ビル 3F,34.6982594,135.4988228,050-5890-4534,https://tabelog.com/osaka/A2701/A270101/27072441/dtlmenu/drink/,ヒューガルデン ホワイト,968
ゼックスウエスト ザ バー,大阪府 大阪市北区 梅田 2-2-22 ハービスPLAZA ENT  7F,34.6997829,135.4945698,050-5868-9945,https://tabelog.com/osaka/A2701/A270101/27003895/dtlmenu/drink/,ヒューガルデン ホワイト,1000
キュイジーヌ・MA,大阪府 大阪市北区 堂島 1-3-8 堂島リンデンビル  1Ｆ,34.6964857,135.4979799,06-6345-2206,https://tabelog.com/osaka/A2701/A270101/27011707/dtlmenu/drink/,ヒューガルデン ホワイト 小瓶,800
epais,大阪府 大阪市北区 曽根崎新地 1-9-3 ニュー華ビル 3F,34.6982594,135.4988228,050-5890-4534,https://tabelog.com/osaka/A2701/A270101/27072441/dtlmenu/drink/,ヒューガルデン ロゼ,968
ウルフギャング・ステーキハウス 大阪店,大阪府 大阪市北区 梅田 3-1-3 ルクア イーレ 10Ｆ,34.7028866,135.4953236,050-5571-6855,https://tabelog.com/osaka/A2701/A270101/27084039/dtlmenu/drink/,ヒューガルデンホワイト,1300
ビストロ テソロン ウナ ベッコ,大阪府 大阪市北区 大淀中 2-4-12 パナッシュコート梅田北 1F,34.7034584,135.485508,050-5869-5402,https://tabelog.com/osaka/A2701/A270108/27045748/dtlmenu/drink/,ヒューガルデンホワイト,850
ONZORO. ,大阪府 大阪市北区 天神橋 3-10-8 与力町スカイハイツ 101,34.7020123,135.5124158,050-5590-0899,https://tabelog.com/osaka/A2701/A270103/27080839/dtlmenu/drink/,ヒューガルデンホワイト,700
MAKIBI,大阪府 大阪市北区 西天満 3-1-27 メビウス西天満ビル 1F,34.6943123,135.5091563,050-5596-7690,https://tabelog.com/osaka/A2701/A270102/27108201/dtlmenu/drink/,ヒューガルデン・ホワイト,950
上海食苑 本店 ,大阪府 大阪市北区 池田町 12-4,34.7077323,135.5132805,050-5594-1759,https://tabelog.com/osaka/A2701/A270103/27000509/dtlmenu/drink/,ビール(スーパードライ:中瓶),480
ビストロ・ド・ヨシモト,大阪府 大阪市北区 中津 1-5-3,34.7099321,135.4956456,050-5890-8748,https://tabelog.com/osaka/A2701/A270101/27003966/dtlmenu/drink/,ビール(ハイネケン),880
Cafe AMADEUS STORY,大阪府 大阪市北区 中之島 3-6-32 ダイビル本館  1F,34.6932271,135.4928343,050-5570-5158,https://tabelog.com/osaka/A2701/A270108/27073953/dtlmenu/drink/,フレッシュオレンジジュース(生搾り),850
ロウリーズ・ザ・プライムリブ 大阪,大阪府 大阪市北区 梅田 2-2-22 ハービスPLAZA ENT  5F,34.6997829,135.4945698,050-5593-4617,https://tabelog.com/osaka/A2701/A270101/27018310/dtlmenu/drink/,ブルックリンラガー,800
ウルフギャング・ステーキハウス 大阪店,大阪府 大阪市北区 梅田 3-1-3 ルクア イーレ 10Ｆ,34.7028866,135.4953236,050-5571-6855,https://tabelog.com/osaka/A2701/A270101/27084039/dtlmenu/drink/,ブルックリンラガー,1250
Az/ビーフン東 大阪店,大阪府 大阪市北区 西天満 4-4-8 B1F,34.6975565,135.5047462,050-5596-4963,https://tabelog.com/osaka/A2701/A270103/27060666/dtlmenu/drink/,ブルックリンラガー 生ビール,1200
中之島ソーシャルイートアウェイク,大阪府 大阪市北区 中之島 1-1-27 大阪市中央公会堂 B1F,34.6935479,135.5039827,050-5589-6233,https://tabelog.com/osaka/A2701/A270101/27085674/dtlmenu/drink/,ブルックリンラガーsmall,700
大幸庵 玄,大阪府 大阪市北区 堂島 1-2-2 堂栄ビル　１Ｆ,34.6962122,135.4995908,06-6344-5655,https://tabelog.com/osaka/A2701/A270101/27018661/dtlmenu/drink/,プレミアムモルツ,650
おらんく家 北新地西店,大阪府 大阪市北区 曽根崎新地 1-5-3,34.6992233,135.5088433,050-5872-7656,https://tabelog.com/osaka/A2701/A270101/27007240/dtlmenu/drink/,プレミアムモルツ,830
Takeichi,大阪府 大阪市北区 曽根崎新地 1-9-15 ２F,34.6982594,135.4988228,050-3628-7228,https://tabelog.com/osaka/A2701/A270101/27061565/dtlmenu/drink/,プレミアムモルツ,550
北新地 大嵓埜,大阪府 大阪市北区 曽根崎新地 1-3-23 北新地FOODEARビル 3F,34.6977162,135.4961491,050-5868-7777,https://tabelog.com/osaka/A2701/A270101/27092596/dtlmenu/drink/,プレミアムモルツ,1210
鮨仙酢 本店 大阪駅前,大阪府 大阪市北区 芝田 1-3-7,34.7059162,135.4974555,050-5869-8270,https://tabelog.com/osaka/A2701/A270101/27120324/dtlmenu/drink/,プレミアムモルツ,550
北瑞苑,大阪府 大阪市北区 曽根崎新地 2-3-21 ａｘビル　３Ｆ,34.6979945,135.4945578,050-5868-3897,https://tabelog.com/osaka/A2701/A270101/27000742/dtlmenu/drink/,プレミアムモルツ サッポロエビス,1045
北新地 大嵓埜,大阪府 大阪市北区 曽根崎新地 1-3-23 北新地FOODEARビル 3F,34.6977162,135.4961491,050-5868-7777,https://tabelog.com/osaka/A2701/A270101/27092596/dtlmenu/drink/,プレミアムモルツ マスターズドリーム,1210
シュリアルナ 第3ビル店,大阪府 大阪市北区 梅田 1-1-3 大阪駅前第3ビル  B1F,34.6988257,135.4992804,06-6345-5211,https://tabelog.com/osaka/A2701/A270101/27004766/dtlmenu/drink/,プレミアムモルツ 中ジョッキ,275
il desiderio ORTAGGIO,大阪府 大阪市北区 角田町 8-7 阪急うめだ本店  12F,34.7028186,135.4985323,050-5868-3005,https://tabelog.com/osaka/A2701/A270101/27068441/dtlmenu/drink/,プレミアムモルツ(生),800
鮨 仙酢 総本店,大阪府 大阪市北区 曾根崎新地1-5-32 ボネールビル B1F,34.6975723,135.4978879,050-5869-2107,https://tabelog.com/osaka/A2701/A270101/27119787/dtlmenu/drink/,プレミアムモルツ中,660
鮨 仙酢 総本店,大阪府 大阪市北区 曾根崎新地1-5-32 ボネールビル B1F,34.6975723,135.4978879,050-5869-2107,https://tabelog.com/osaka/A2701/A270101/27119787/dtlmenu/drink/,プレミアムモルツ小,440
清次郎,大阪府 大阪市北区 曽根崎新地 1丁目10-16 永楽ビル　B1F,34.69764,135.4958679,050-5589-4836,https://tabelog.com/osaka/A2701/A270101/27017667/dtlmenu/drink/,プレミアムモルツ瓶,660
清次郎,大阪府 大阪市北区 曽根崎新地 1丁目10-16 永楽ビル　B1F,34.69764,135.4958679,050-5589-4836,https://tabelog.com/osaka/A2701/A270101/27017667/dtlmenu/drink/,プレミアムモルツ生中,660
清次郎,大阪府 大阪市北区 曽根崎新地 1丁目10-16 永楽ビル　B1F,34.69764,135.4958679,050-5589-4836,https://tabelog.com/osaka/A2701/A270101/27017667/dtlmenu/drink/,プレミアムモルツ生小,605
わっちょい,大阪府 大阪市北区 天神橋 5-2-5,34.7073077,135.5118818,050-5571-8066,https://tabelog.com/osaka/A2701/A270103/27062943/dtlmenu/drink/,プレミアムモルツ神泡 生ビール(中),660
ご馳走 ね音,大阪府 大阪市北区 天神橋 5-3-22 安田ビル 2F,34.7077688,135.5121856,050-5597-8331,https://tabelog.com/osaka/A2701/A270103/27096416/dtlmenu/drink/,プレミアム・モルツ 瓶,750
ろっこん,大阪府 大阪市北区 曽根崎新地 1-1-15,34.6939689,135.5059383,050-5869-7586,https://tabelog.com/osaka/A2701/A270101/27052272/dtlmenu/drink/,メッツァコロナ カステル・フィルミャン テロルデゴ・ロタ,4950
ろっこん,大阪府 大阪市北区 曽根崎新地 1-1-15,34.6939689,135.5059383,050-5869-7586,https://tabelog.com/osaka/A2701/A270101/27052272/dtlmenu/drink/,メッツァコロナ カステル・フィルミャン ピノ・グリージョ,4950
北新地 串柾,大阪府 大阪市北区 曽根崎新地 1-2-28 シスタービル B1F,34.7002187,135.5010362,050-5868-8071,https://tabelog.com/osaka/A2701/A270101/27066528/dtlmenu/drink/,メッツァコロナ ピノ・グリージョ レゼルヴァ,6600
香港海鮮飲茶樓 ブリーゼブリーゼ,大阪府 大阪市北区 梅田 2-4-9 ブリーゼブリーゼ  6F,34.6986205,135.4939534,050-5869-6862,https://tabelog.com/osaka/A2701/A270101/27018185/dtlmenu/drink/,モルツ・ザ・ドラフト《中瓶》,660
北新地　響香,大阪府 大阪市北区 曽根崎新地 1-1-41 アストリアジロービル1F,34.6966913,135.5004286,050-5570-6387,https://tabelog.com/osaka/A2701/A270101/27081144/dtlmenu/drink/,モルツ中瓶,748
コサムイ バイ チェディルアン,大阪府 大阪市北区 梅田 2-2-22 ハービスエント 3F,34.6997829,135.4945698,06-6346-0606,https://tabelog.com/osaka/A2701/A270101/27079063/dtlmenu/drink/,ラオス産 ビアラオ ラガー,759
ケラケラ クランツ,大阪府 大阪市北区 小松原町 2-4 大阪富国生命ビル　B2F,34.70217,135.5000915,050-5868-2965,https://tabelog.com/osaka/A2701/A270101/27053066/dtlmenu/drink/,ヱビス,770
ケラケラ クランツ,大阪府 大阪市北区 小松原町 2-4 大阪富国生命ビル　B2F,34.70217,135.5000915,050-5868-2965,https://tabelog.com/osaka/A2701/A270101/27053066/dtlmenu/drink/,ヱビス プレミアムブラック,730
SALLE A MANGER KADOYA,大阪府 大阪市北区 曾根崎新地1-5-2 大川ビル本館　Ｂ１Ｆ,34.6976257,135.4977774,06-6346-8837,https://tabelog.com/osaka/A2701/A270101/27010782/dtlmenu/drink/,・アサヒ スーパードライ,800
焼賣太樓 桜橋店,大阪府 大阪市北区 梅田 2-1-16,34.6994133,135.4953013,06-6341-7061,https://tabelog.com/osaka/A2701/A270101/27004267/dtlmenu/drink/,・アサヒスーパードライ(中瓶),500
マレーシア ボレ,大阪府 大阪市北区 大淀南 1-4-20,34.7037615,135.4898985,050-5868-6979,https://tabelog.com/osaka/A2701/A270101/27004497/dtlmenu/drink/,・生ビール     キリン一番搾り,550
焼賣太樓 桜橋店,大阪府 大阪市北区 梅田 2-1-16,34.6994133,135.4953013,06-6341-7061,https://tabelog.com/osaka/A2701/A270101/27004267/dtlmenu/drink/,・生ビール(アサヒスーパードライ),500
焼賣太樓 桜橋店,大阪府 大阪市北区 梅田 2-1-16,34.6994133,135.4953013,06-6341-7061,https://tabelog.com/osaka/A2701/A270101/27004267/dtlmenu/drink/,・青島ビール(瓶),680
ペスカ 北新地店,大阪府 大阪市北区 曽根崎新地 1-3-8 ぐらんぱれ壱番館 1F,34.6974845,135.4964887,050-5571-1489,https://tabelog.com/osaka/A2701/A270101/27082395/dtlmenu/drink/,一番搾り生ビール,605
同心町 和食 瑞,大阪府 大阪市北区 同心 2-4-13 ヴェール同心 1F,34.702401,135.5140549,050-5456-2430,https://tabelog.com/osaka/A2701/A270103/27113675/dtlmenu/drink/,炭酸水 サントリープレミアムソーダ,350
ラ スピーゴラ,大阪府 大阪市北区 西天満 3-6-1,34.6964519,135.5081832,06-6311-6333,https://tabelog.com/osaka/A2701/A270103/27017779/dtlmenu/drink/,琥珀エビス,550
中国郷菜館 大陸風,大阪府 大阪市北区 天神橋 2北1-9,34.6979341,135.5120843,050-5592-0952,https://tabelog.com/osaka/A2701/A270103/27009580/dtlmenu/drink/,瓶ビール (アサヒスーパードライ 中瓶),600
北新地しゃぶしゃぶ きらく,大阪府 大阪市北区 堂島 1-2-7 パーマリィイン堂島 B1F,34.6962883,135.4991444,050-5872-9714,https://tabelog.com/osaka/A2701/A270101/27128587/dtlmenu/drink/,瓶ビール アサヒ スーパードライ,850
北新地しゃぶしゃぶ きらく,大阪府 大阪市北区 堂島 1-2-7 パーマリィイン堂島 B1F,34.6962883,135.4991444,050-5872-9714,https://tabelog.com/osaka/A2701/A270101/27128587/dtlmenu/drink/,瓶ビール キリン 一番搾り,850
万両 南森町店,大阪府 大阪市北区 南森町 1-2-14 ロイヤルハイツ　１Ｆ,34.6962687,135.5097088,06-6361-1371,https://tabelog.com/osaka/A2701/A270103/27002291/dtlmenu/drink/,瓶ビール クラシックラガー(中瓶),450
北新地しゃぶしゃぶ きらく,大阪府 大阪市北区 堂島 1-2-7 パーマリィイン堂島 B1F,34.6962883,135.4991444,050-5872-9714,https://tabelog.com/osaka/A2701/A270101/27128587/dtlmenu/drink/,瓶ビール サッポロ 黒ラベル,850
北新地しゃぶしゃぶ きらく,大阪府 大阪市北区 堂島 1-2-7 パーマリィイン堂島 B1F,34.6962883,135.4991444,050-5872-9714,https://tabelog.com/osaka/A2701/A270101/27128587/dtlmenu/drink/,瓶ビール サントリー ザ・モルツ,850
シュリアルナ 第3ビル店,大阪府 大阪市北区 梅田 1-1-3 大阪駅前第3ビル  B1F,34.6988257,135.4992804,06-6345-5211,https://tabelog.com/osaka/A2701/A270101/27004766/dtlmenu/drink/,瓶ビール ザ・モルツ,440
お菜屋 わだ家 大阪お初天神店,大阪府 大阪市北区 曽根崎 2-8-9 八幸ビル　１Ｆ,34.6996825,135.500852,050-5869-8124,https://tabelog.com/osaka/A2701/A270101/27011306/dtlmenu/drink/,瓶ビール(アサヒ・サッポロ),660
馳走や純平,大阪府 大阪市北区 曽根崎新地 1-5-25 ジェイ・プライド梅田永楽ビル 5F,34.6978875,135.497667,06-6341-5228,https://tabelog.com/osaka/A2701/A270101/27014760/dtlmenu/drink/,瓶ビール(エビス・プレミアムモルツ),850
鶏家 たちばな,大阪府 大阪市北区 天神橋 3-11-5,34.7027819,135.512333,050-5868-5966,https://tabelog.com/osaka/A2701/A270103/27011116/dtlmenu/drink/,瓶ビール(キリン 一番搾り 、 サッポロ赤星),650
中菜Labo.朝陽,大阪府 大阪市北区 堂島 1-3-8 堂島リンデンビル  B1F,34.6964857,135.4979799,050-5571-3045,https://tabelog.com/osaka/A2701/A270101/27081015/dtlmenu/drink/,瓶ビール(キリンハートランド小瓶),900
中菜Labo.朝陽,大阪府 大阪市北区 堂島 1-3-8 堂島リンデンビル  B1F,34.6964857,135.4979799,050-5571-3045,https://tabelog.com/osaka/A2701/A270101/27081015/dtlmenu/drink/,瓶ビール(サントリープレミアムモルツ小瓶),700
はまぐり庵,大阪府 大阪市北区 角田町 8-47 阪急グランドビル  28F,34.7029862,135.4990478,050-5589-0378,https://tabelog.com/osaka/A2701/A270101/27065187/dtlmenu/drink/,瓶ビール(ヱビス 中瓶),800
中菜Labo.朝陽,大阪府 大阪市北区 堂島 1-3-8 堂島リンデンビル  B1F,34.6964857,135.4979799,050-5571-3045,https://tabelog.com/osaka/A2701/A270101/27081015/dtlmenu/drink/,瓶ビール(青島ビールプレミアム),850
宮崎酒場 ゑびす,大阪府 大阪市北区 梅田 3-1-3 ルクア  イーレ B2F,34.7028866,135.4953236,06-6151-1540,https://tabelog.com/osaka/A2701/A270101/27084553/dtlmenu/drink/,瓶ビール/スーパードライ,550
吟味屋 天満店,大阪府 大阪市北区 山崎町 2-15,34.7060377,135.5095427,06-6366-4129,https://tabelog.com/osaka/A2701/A270103/27011939/dtlmenu/drink/,瓶ビール<アサヒスーパードライ>(中瓶),649
広東名菜   紅茶,大阪府 大阪市北区 天満 4-17-17 双園マンション 1F,34.695599,135.5138965,06-6352-3838,https://tabelog.com/osaka/A2701/A270103/27077603/dtlmenu/drink/,瓶ビール[ザ・プレミアムモルツ (中瓶)],600
中国料理 青冥 堂島本店,大阪府 大阪市北区 堂島浜 1-3-18 堂島セントラルビル 1F,34.695764,135.4973172,050-5868-8967,https://tabelog.com/osaka/A2701/A270101/27000227/dtlmenu/drink/,瓶ビール〈キリン〉大瓶,980
中国料理 青冥 堂島本店,大阪府 大阪市北区 堂島浜 1-3-18 堂島セントラルビル 1F,34.695764,135.4973172,050-5868-8967,https://tabelog.com/osaka/A2701/A270101/27000227/dtlmenu/drink/,瓶ビール〈キリンラガー・アサヒスーパードライ〉中瓶,800
中国料理 青冥 堂島本店,大阪府 大阪市北区 堂島浜 1-3-18 堂島セントラルビル 1F,34.695764,135.4973172,050-5868-8967,https://tabelog.com/osaka/A2701/A270101/27000227/dtlmenu/drink/,瓶ビール〈サントリー ザ・プレミアムモルツ〉中瓶,800
ふぐやさでん,大阪府 大阪市北区 黒崎町 9-5,34.7074679,135.5077352,06-6375-7355,https://tabelog.com/osaka/A2701/A270101/27013491/dtlmenu/drink/,瓶ビール中(アサヒスーパードライ),580
ステーキ＆ワイン シュバルージュ,大阪府 大阪市北区 堂島 1-4-2 ビールディング北新地B1,34.696101,135.4982009,06-6456-4777,https://tabelog.com/osaka/A2701/A270101/27008427/dtlmenu/drink/,生ビール アサヒスーパードライ,990
黒毛和牛肉匠 いちえ 本邸,大阪府 大阪市北区 曽根崎新地 1-9-9 谷安ロワビル 1F,34.6977557,135.4989097,050-5868-8018,https://tabelog.com/osaka/A2701/A270101/27044096/dtlmenu/drink/,生ビール アサヒスーパードライ,770
オステリア ガウダンテ 大阪駅前第4ビル店,大阪府 大阪市北区 梅田 1-11-4 大阪駅前第4ビル  B1F,34.699879,135.4988566,050-5868-4994,https://tabelog.com/osaka/A2701/A270101/27002094/dtlmenu/drink/,生ビール アサヒドライプレミアム豊醸 (330ml),560
炭火イタリアン CARBO,大阪府 大阪市北区 堂山町 16-12 中通りレジャービル 104,34.7041811,135.502684,050-5589-9451,https://tabelog.com/osaka/A2701/A270101/27087636/dtlmenu/drink/,生ビール アサヒマルエル,630
オリエンタルスプーン 西天満店,大阪府 大阪市北区 西天満 4-9-12,34.6977558,135.5039007,050-5592-7561,https://tabelog.com/osaka/A2701/A270103/27094256/dtlmenu/drink/,生ビール キリンハートランド,500
北新地しゃぶしゃぶ きらく,大阪府 大阪市北区 堂島 1-2-7 パーマリィイン堂島 B1F,34.6962883,135.4991444,050-5872-9714,https://tabelog.com/osaka/A2701/A270101/27128587/dtlmenu/drink/,生ビール キリン一番搾り,900
道頓堀 あかい 北店,大阪府 大阪市北区 堂島 1-3-33 新地萬年ビル  1F,34.6967601,135.4982745,080-9406-3654,https://tabelog.com/osaka/A2701/A270101/27074209/dtlmenu/drink/,生ビール キリン一番搾り,700
北新地　串かつ凡,大阪府 大阪市北区 堂島 1-3-16 堂島メリーセンタービル B1F,34.6966074,135.4972251,06-6344-0400,https://tabelog.com/osaka/A2701/A270101/27016793/dtlmenu/drink/,生ビール キリン一番絞り,550
カルネジーオ ウエスト,大阪府 大阪市北区 芝田 1-6-2 茶屋町あるこ,34.7067778,135.4984087,050-3628-4656,https://tabelog.com/osaka/A2701/A270101/27110278/dtlmenu/drink/,生ビール サントリー プレミアムモルツ,715
北新地 つきしろ,大阪府 大阪市北区 曽根崎新地 1-9-12 フォーシーズンフロント 3F,34.6978068,135.4986243,050-5890-4528,https://tabelog.com/osaka/A2701/A270101/27122992/dtlmenu/drink/,生ビール サントリー香るエール,500
Cafe Bougnat Bougnat ブリーゼブリーゼ,大阪府 大阪市北区 梅田 2-4-9 ブリーゼブリーゼ  B1F,34.6986205,135.4939534,06-6343-7166,https://tabelog.com/osaka/A2701/A270101/27018167/dtlmenu/drink/,生ビール ザ・プレミアムモルツ,670
串揚げ タケナカ,大阪府 大阪市北区 堂島 1-3-4 谷安ビル Ｂ01号,34.6963789,135.4982009,050-5590-1510,https://tabelog.com/osaka/A2701/A270101/27088890/dtlmenu/drink/,生ビール 香るプレミアムモルツ,748
雅しゅとうとう,大阪府 大阪市北区 堂島 1-5-2 フェザービル 1F,34.696056,135.4968569,06-6348-0141,https://tabelog.com/osaka/A2701/A270101/27012489/dtlmenu/drink/,生ビール(アサヒ スーパードライ),940
北新地 串柾,大阪府 大阪市北区 曽根崎新地 1-2-28 シスタービル B1F,34.7002187,135.5010362,050-5868-8071,https://tabelog.com/osaka/A2701/A270101/27066528/dtlmenu/drink/,生ビール(アサヒスパードライ),880
中菜Labo.朝陽,大阪府 大阪市北区 堂島 1-3-8 堂島リンデンビル  B1F,34.6964857,135.4979799,050-5571-3045,https://tabelog.com/osaka/A2701/A270101/27081015/dtlmenu/drink/,生ビール(アサヒスーパードライ),800
鮨 惣五郎,大阪府 大阪市北区 曽根崎新地 1-3-32 新地リバティービル 1F,34.6975177,135.496995,050-5596-8038,https://tabelog.com/osaka/A2701/A270101/27077129/dtlmenu/drink/,生ビール(アサヒビール),800
LIAISON UMEDA,大阪府 大阪市北区 梅田 1-13-13 阪神梅田本店 9F,34.7012797,135.4983196,050-5570-8979,https://tabelog.com/osaka/A2701/A270101/27125521/dtlmenu/drink/,生ビール(アサヒ熟選),660
和牛 まつした 上通り店,大阪府 大阪市北区 曽根崎新地 1-3-30 北新地幸田ビル2F,34.69651,135.5018094,050-5589-9133,https://tabelog.com/osaka/A2701/A270101/27086935/dtlmenu/drink/,生ビール(エビスビール),780
鶏家 たちばな,大阪府 大阪市北区 天神橋 3-11-5,34.7027819,135.512333,050-5868-5966,https://tabelog.com/osaka/A2701/A270103/27011116/dtlmenu/drink/,生ビール(キリン ハートランド),600
ベトナム酒場　ビアホイ,大阪府 大阪市北区 角田町 2-15 城口ビル　Ｂ１Ｆ,34.704967,135.501159,06-6292-2345,https://tabelog.com/osaka/A2701/A270101/27000284/dtlmenu/drink/,生ビール(キリン 一番搾り),580
お菜屋 わだ家 大阪お初天神店,大阪府 大阪市北区 曽根崎 2-8-9 八幸ビル　１Ｆ,34.6996825,135.500852,050-5869-8124,https://tabelog.com/osaka/A2701/A270101/27011306/dtlmenu/drink/,生ビール(キリン一番搾り),600
はまぐり庵,大阪府 大阪市北区 角田町 8-47 阪急グランドビル  28F,34.7029862,135.4990478,050-5589-0378,https://tabelog.com/osaka/A2701/A270101/27065187/dtlmenu/drink/,生ビール(サッポロ黒ラベル),720
馳走や純平,大阪府 大阪市北区 曽根崎新地 1-5-25 ジェイ・プライド梅田永楽ビル 5F,34.6978875,135.497667,06-6341-5228,https://tabelog.com/osaka/A2701/A270101/27014760/dtlmenu/drink/,生ビール(スーパードライ),700
ベトナム酒場　ビアホイ,大阪府 大阪市北区 角田町 2-15 城口ビル　Ｂ１Ｆ,34.704967,135.501159,06-6292-2345,https://tabelog.com/osaka/A2701/A270101/27000284/dtlmenu/drink/,生ビール(ブルックリンラガー)(ブルックリンソラチエース),720
北新地 空海,大阪府 大阪市北区 曽根崎新地 1-9-13,34.6982594,135.4988228,050-5597-8866,https://tabelog.com/osaka/A2701/A270101/27118000/dtlmenu/drink/,生ビール(神泡のザ・プレミアムモルツ),715
ル コントワ,大阪府 大阪市北区 曽根崎 2-10-10 第2あーけるびる 1F お初天神裏参道,34.70049,135.500746,050-5592-7351,https://tabelog.com/osaka/A2701/A270101/27084355/dtlmenu/drink/,生ビール/アサヒスーパードライ,580
宮崎酒場 ゑびす,大阪府 大阪市北区 梅田 3-1-3 ルクア  イーレ B2F,34.7028866,135.4953236,06-6151-1540,https://tabelog.com/osaka/A2701/A270101/27084553/dtlmenu/drink/,生ビール/スーパードライ,490
吟味屋 天満店,大阪府 大阪市北区 山崎町 2-15,34.7060377,135.5095427,06-6366-4129,https://tabelog.com/osaka/A2701/A270103/27011939/dtlmenu/drink/,生ビール<ザ・プレミアムモルツ> (中),627
吟味屋 天満店,大阪府 大阪市北区 山崎町 2-15,34.7060377,135.5095427,06-6366-4129,https://tabelog.com/osaka/A2701/A270103/27011939/dtlmenu/drink/,生ビール<ザ・プレミアムモルツ> (小),517
広東名菜   紅茶,大阪府 大阪市北区 天満 4-17-17 双園マンション 1F,34.695599,135.5138965,06-6352-3838,https://tabelog.com/osaka/A2701/A270103/27077603/dtlmenu/drink/,生ビール[ザ・プレミアムモルツ],500
炭火焼とワインの酒場 VOLTA 北新地店,大阪府 大阪市北区 曽根崎新地 1-3-23 FOODEARビル 1F,34.6977231,135.496139,050-5570-2477,https://tabelog.com/osaka/A2701/A270101/27019177/dtlmenu/drink/,生ビール『サントリー ザ・プレミアム・モルツ』,580
旨味熟成肉専門 焼肉 ふじ山,大阪府 大阪市北区 天神橋 3-1-15 天3館ビル 2F,34.6993373,135.511827,050-5597-4123,https://tabelog.com/osaka/A2701/A270103/27110828/dtlmenu/drink/,生ビールキリン一番搾り(中),495
ふぐやさでん,大阪府 大阪市北区 黒崎町 9-5,34.7074679,135.5077352,06-6375-7355,https://tabelog.com/osaka/A2701/A270101/27013491/dtlmenu/drink/,生ビール中(アサヒスーパードライ),530
尾道 むらかみ,大阪府 大阪市北区 堂島 1-3-9 日宝堂島センタービル  1Ｆ,34.6965586,135.4976854,050-5868-1178,https://tabelog.com/osaka/A2701/A270101/27004637/dtlmenu/drink/,生搾り オレンジ,700
しゃぶ亭 西梅田店,大阪府 大阪市北区 梅田 2-1-15,34.6993055,135.4952369,050-5868-8975,https://tabelog.com/osaka/A2701/A270101/27003519/dtlmenu/drink/,生搾りパイナップルチューハイ,748
伊達屋,大阪府 大阪市北区 梅田 1-3-1 大阪駅前第1ビル  B2F,34.6988863,135.4964525,050-5571-3016,https://tabelog.com/osaka/A2701/A270101/27002140/dtlmenu/drink/,神泡のザ・プレミアム・モルツ,550
尾道 むらかみ,大阪府 大阪市北区 堂島 1-3-9 日宝堂島センタービル  1Ｆ,34.6965586,135.4976854,050-5868-1178,https://tabelog.com/osaka/A2701/A270101/27004637/dtlmenu/drink/,神泡のザ・プレミアム・モルツ生中,600
中華バル サワダ,大阪府 大阪市北区 曾根崎2-9-17 お初天神裏参道,34.7004648,135.5008857,050-5456-0897,https://tabelog.com/osaka/A2701/A270101/27113311/dtlmenu/drink/,青島ビール,680
サワダ飯店,大阪府 大阪市北区 小松原町 2-4 富国生命ビル B2F,34.7022777,135.5002261,050-5872-2200,https://tabelog.com/osaka/A2701/A270101/27120248/dtlmenu/drink/,青島ビール,600
中国郷菜館 大陸風,大阪府 大阪市北区 天神橋 2北1-9,34.6979341,135.5120843,050-5592-0952,https://tabelog.com/osaka/A2701/A270103/27009580/dtlmenu/drink/,青島ビール,600
中国料理 燦宮,大阪府 大阪市北区 大淀中 1-1-88 梅田スカイビル 39F,34.7052872,135.4896527,050-5597-5453,https://tabelog.com/osaka/A2701/A270101/27000691/dtlmenu/drink/,青島ビール 小瓶,850
上海食苑 本店 ,大阪府 大阪市北区 池田町 12-4,34.7077323,135.5132805,050-5594-1759,https://tabelog.com/osaka/A2701/A270103/27000509/dtlmenu/drink/,青島ビール(330ml),480
シンガポール・シーフード・リパブリック 大丸梅田,大阪府 大阪市北区 梅田 3-1-1 大丸梅田店  14F,34.701789,135.4965763,050-5571-1403,https://tabelog.com/osaka/A2701/A270101/27055314/dtlmenu/drink/,青島ビール(中国),780
香港海鮮飲茶樓 ブリーゼブリーゼ,大阪府 大阪市北区 梅田 2-4-9 ブリーゼブリーゼ  6F,34.6986205,135.4939534,050-5869-6862,https://tabelog.com/osaka/A2701/A270101/27018185/dtlmenu/drink/,青島ビール《330ml瓶》,550
中国菜エスサワダ,大阪府 大阪市北区 西天満 4-6-28 ニュー真砂ビル 1F,34.696289,135.5050684,050-5592-8876,https://tabelog.com/osaka/A2701/A270102/27095063/dtlmenu/drink/,青島ビール小瓶,825
